NO,PO,DelName,DelContactPhoneNumber,ADDR1,Addr2,DivLoc,ApptInfo,CITY,State,Zip,COUNTRY,DELCONTACT,PhoneNumber,PartNum,Quantity,,ReqShipDate,FREIGHT,,CARRIER,,BILL TO ,BILL TO EMAIL ADDRESS,,,,,BILL TO CITY,BILL TO STATE,BILL TO ZIPCODE
NO,LG022616E1,DOLLAR GENERAL #16635,,2656 LOMBARDY VILLAGE RD,,,,LUMBER BRIDGE,NC,28357,,ATTN: PEPSI/STORE MANAGER,,02-42736,1,,3/3/2016,PREPAID AND ADD,,UPS,,ERICA JAMES,ERICA.JAMES@PEPSICO.COM,,,,,LUMBER BRIDGE,NC,28357
NO,LG022616E2,DOLLAR GENERAL #8468,,220 E 2ND ST,,,,WILLIAMSBURG,PA,16693,,ATTN: PEPSI/STORE MANAGER,,02-42736,1,,3/3/2016,PREPAID AND ADD,,UPS,,ERICA JAMES,ERICA.JAMES@PEPSICO.COM,,,,,WILLIAMSBURG,PA,16693
NO,LG022616E3,DOLLAR GENERAL #3750,,605 N MAIN,,,,SHAMROCK,TX,79079,,ATTN: PEPSI/STORE MANAGER,,02-42736,1,,3/3/2016,PREPAID AND ADD,,UPS,,ERICA JAMES,ERICA.JAMES@PEPSICO.COM,,,,,SHAMROCK,TX,79079
NO,LG022616E4,DOLLAR GENERAL #4825,,12709 DIXIE HWY,,,,WALTON,KY,41094,,ATTN: PEPSI/STORE MANAGER,,02-42736,1,,3/3/2016,PREPAID AND ADD,,UPS,,ERICA JAMES,ERICA.JAMES@PEPSICO.COM,,,,,WALTON,KY,41094
NO,LG022616E5,DOLLAR GENERAL #16376,,290 W. TATE ST,,,,LAWRENCEBURG,IN,47025,,ATTN: PEPSI/STORE MANAGER,,02-42736,1,,3/3/2016,PREPAID AND ADD,,UPS,,ERICA JAMES,ERICA.JAMES@PEPSICO.COM,,,,,LAWRENCEBURG,IN,47025
NO,LG022616E6,DOLLAR GENERAL #3016,,103 N 25TH STREET,,,,BETHANY,MO,64424,,ATTN: PEPSI/STORE MANAGER,,02-42736,1,,3/3/2016,PREPAID AND ADD,,UPS,,ERICA JAMES,ERICA.JAMES@PEPSICO.COM,,,,,BETHANY,MO,64424
NO,LG022616E7,DOLLAR GENERAL #3329,,1103 W GENTRY,,,,CHECOTAH,OK,74426,,ATTN: PEPSI/STORE MANAGER,,02-42736,1,,3/3/2016,PREPAID AND ADD,,UPS,,ERICA JAMES,ERICA.JAMES@PEPSICO.COM,,,,,CHECOTAH,OK,74426
NO,LG022616E8,DOLLAR GENERAL #7711,,102 N MAIN ST,,,,BRIDGEVILLE,DE,19933,,ATTN: PEPSI/STORE MANAGER,,02-42736,1,,3/3/2016,PREPAID AND ADD,,UPS,,ERICA JAMES,ERICA.JAMES@PEPSICO.COM,,,,,BRIDGEVILLE,DE,19933
NO,LG022616E9,DOLLAR GENERAL #8060,,251 N 1ST ST,,,,TIMPSON,TX,75975,,ATTN: PEPSI/STORE MANAGER,,02-42736,1,,3/3/2016,PREPAID AND ADD,,UPS,,ERICA JAMES,ERICA.JAMES@PEPSICO.COM,,,,,TIMPSON,TX,75975
NO,LG022616E10,DOLLAR GENERAL #1759,,4122 CELANESE RD,,,,ROCK HILL,SC,29732,,ATTN: PEPSI/STORE MANAGER,,02-42736,1,,3/3/2016,PREPAID AND ADD,,UPS,,ERICA JAMES,ERICA.JAMES@PEPSICO.COM,,,,,ROCK HILL,SC,29732
NO,LG022616E11,DOLLAR GENERAL #3731,,3301 ENGLISH AVE,,,,INDIANAPOLIS,IN,46203,,ATTN: PEPSI/STORE MANAGER,,02-42736,1,,3/3/2016,PREPAID AND ADD,,UPS,,ERICA JAMES,ERICA.JAMES@PEPSICO.COM,,,,,INDIANAPOLIS,IN,46203
NO,LG022616E12,DOLLAR GENERAL #4872,,200 N US HWY 169,,,,SMITHVILLE,MO,64089,,ATTN: PEPSI/STORE MANAGER,,02-42736,1,,3/3/2016,PREPAID AND ADD,,UPS,,ERICA JAMES,ERICA.JAMES@PEPSICO.COM,,,,,SMITHVILLE,MO,64089
NO,LG022616E13,DOLLAR GENERAL #11809,,449 LAKEVIEW AVE,,,,CLIFTON,NJ,7011,,ATTN: PEPSI/STORE MANAGER,,02-42736,1,,3/3/2016,PREPAID AND ADD,,UPS,,ERICA JAMES,ERICA.JAMES@PEPSICO.COM,,,,,CLIFTON,NJ,7011
NO,LG022616E14,DOLLAR GENERAL #11824,,419 MARKET ST,,,,SADDLE BROOK,NJ,7663,,ATTN: PEPSI/STORE MANAGER,,02-42736,1,,3/3/2016,PREPAID AND ADD,,UPS,,ERICA JAMES,ERICA.JAMES@PEPSICO.COM,,,,,SADDLE BROOK,NJ,7663
NO,LG022616E15,DOLLAR GENERAL #11810,,11 RIVER RD STE 35,,,,NORTH ARLINGTON,NJ,7031,,ATTN: PEPSI/STORE MANAGER,,02-42736,1,,3/3/2016,PREPAID AND ADD,,UPS,,ERICA JAMES,ERICA.JAMES@PEPSICO.COM,,,,,NORTH ARLINGTON,NJ,7031
NO,LG022616E16,DOLLAR GENERAL #14393,,7200 WHITES CREEK PIKE,,,,JOELTON,TN,37080,,ATTN: PEPSI/STORE MANAGER,,02-42736,1,,3/3/2016,PREPAID AND ADD,,UPS,,ERICA JAMES,ERICA.JAMES@PEPSICO.COM,,,,,JOELTON,TN,37080
NO,LG022616E17,DOLLAR GENERAL #2595,,2724 MURFREESBORO PIKE,,,,ANTIOCH,TN,37013,,ATTN: PEPSI/STORE MANAGER,,02-42736,1,,3/3/2016,PREPAID AND ADD,,UPS,,ERICA JAMES,ERICA.JAMES@PEPSICO.COM,,,,,ANTIOCH,TN,37013
NO,LG022616E18,DOLLAR GENERAL #8347,,601 GALLATIN PIKE N,,,,MADISON,TN,37115,,ATTN: PEPSI/STORE MANAGER,,02-42736,1,,3/3/2016,PREPAID AND ADD,,UPS,,ERICA JAMES,ERICA.JAMES@PEPSICO.COM,,,,,MADISON,TN,37115
NO,LG022616E19,DOLLAR GENERAL #16314,,113 GLENLOCK RD,,,,SWEETWATER,TN,37874,,ATTN: PEPSI/STORE MANAGER,,02-42736,1,,3/3/2016,PREPAID AND ADD,,UPS,,ERICA JAMES,ERICA.JAMES@PEPSICO.COM,,,,,SWEETWATER,TN,37874
NO,LG022616E20,DOLLAR GENERAL #16336,,200 W. 4TH,,,,ALTAMONT,KS,67330,,ATTN: PEPSI/STORE MANAGER,,02-42736,1,,3/3/2016,PREPAID AND ADD,,UPS,,ERICA JAMES,ERICA.JAMES@PEPSICO.COM,,,,,ALTAMONT,KS,67330
NO,LG022616E21,DOLLAR GENERAL #16414,,1011 S. MAIN STREET,,,,PRINCETON,IN,47670,,ATTN: PEPSI/STORE MANAGER,,02-42736,1,,3/3/2016,PREPAID AND ADD,,UPS,,ERICA JAMES,ERICA.JAMES@PEPSICO.COM,,,,,PRINCETON,IN,47670
NO,LG022616E22,DOLLAR GENERAL #16399,,302 S. HWY 20,,,,LAUREL,NE,68745,,ATTN: PEPSI/STORE MANAGER,,02-42736,1,,3/3/2016,PREPAID AND ADD,,UPS,,ERICA JAMES,ERICA.JAMES@PEPSICO.COM,,,,,LAUREL,NE,68745
NO,LG022616E23,DOLLAR GENERAL #16240,,43700 STATE HWY 299 E,,,,FALL RIVER MILLS,CA,96028,,ATTN: PEPSI/STORE MANAGER,,02-42736,1,,3/3/2016,PREPAID AND ADD,,UPS,,ERICA JAMES,ERICA.JAMES@PEPSICO.COM,,,,,FALL RIVER MILLS,CA,96028
NO,LG022616E24,DOLLAR GENERAL #16343,,241 SOUTH BENTON STREET,,,,MILLERSBURG,IN,46543,,ATTN: PEPSI/STORE MANAGER,,02-42736,1,,3/3/2016,PREPAID AND ADD,,UPS,,ERICA JAMES,ERICA.JAMES@PEPSICO.COM,,,,,MILLERSBURG,IN,46543
NO,LG022616E25,DOLLAR GENERAL #16407,,124 CAMDEN STREET,,,,LILESVILLE,NC,28091,,ATTN: PEPSI/STORE MANAGER,,02-42736,1,,3/3/2016,PREPAID AND ADD,,UPS,,ERICA JAMES,ERICA.JAMES@PEPSICO.COM,,,,,LILESVILLE,NC,28091
NO,LG022616E26,DOLLAR GENERAL #15979,,3228 EAST MAIN ROAD,,,,PORTSMOUTH,RI,2871,,ATTN: PEPSI/STORE MANAGER,,02-42736,1,,3/3/2016,PREPAID AND ADD,,UPS,,ERICA JAMES,ERICA.JAMES@PEPSICO.COM,,,,,PORTSMOUTH,RI,2871
NO,LG022616E27,DOLLAR GENERAL #16490,,130 HIGHWAY 33 SOUTH,,,,ROXIE,MS,39661,,ATTN: PEPSI/STORE MANAGER,,02-42736,1,,3/3/2016,PREPAID AND ADD,,UPS,,ERICA JAMES,ERICA.JAMES@PEPSICO.COM,,,,,ROXIE,MS,39661
NO,LG022616E28,DOLLAR GENERAL #15897,,111 WEST MAIN ST,,,,STAFFORD,CT,6075,,ATTN: PEPSI/STORE MANAGER,,02-42736,1,,3/3/2016,PREPAID AND ADD,,UPS,,ERICA JAMES,ERICA.JAMES@PEPSICO.COM,,,,,STAFFORD,CT,6075
NO,LG022616E29,DOLLAR GENERAL #16239,,2636 BALTIMORE PIKE,,,,NOTTINGHAM,PA,19363,,ATTN: PEPSI/STORE MANAGER,,02-42736,1,,3/3/2016,PREPAID AND ADD,,UPS,,ERICA JAMES,ERICA.JAMES@PEPSICO.COM,,,,,NOTTINGHAM,PA,19363
NO,LG022616E30,DOLLAR GENERAL #16378,,20950 E. BRITTON RD.,,,,HARRAH,OK,73045,,ATTN: PEPSI/STORE MANAGER,,02-42736,1,,3/3/2016,PREPAID AND ADD,,UPS,,ERICA JAMES,ERICA.JAMES@PEPSICO.COM,,,,,HARRAH,OK,73045
NO,LG022616E31,DOLLAR GENERAL #16154,,15 TELCO WAY,,,,ETNA,CA,96027,,ATTN: PEPSI/STORE MANAGER,,02-42736,1,,3/3/2016,PREPAID AND ADD,,UPS,,ERICA JAMES,ERICA.JAMES@PEPSICO.COM,,,,,ETNA,CA,96027
NO,LG022616E32,DOLLAR GENERAL #15947,,24247 CONSTITUTION HWY,,,,UNIONVILLE,VA,22567,,ATTN: PEPSI/STORE MANAGER,,02-42736,1,,3/3/2016,PREPAID AND ADD,,UPS,,ERICA JAMES,ERICA.JAMES@PEPSICO.COM,,,,,UNIONVILLE,VA,22567
NO,LG022616E33,DOLLAR GENERAL #16061,,145 S. MAIN ST.,,,,LISBON,NH,3585,,ATTN: PEPSI/STORE MANAGER,,02-42736,1,,3/3/2016,PREPAID AND ADD,,UPS,,ERICA JAMES,ERICA.JAMES@PEPSICO.COM,,,,,LISBON,NH,3585
NO,LG022616E34,DOLLAR GENERAL #16227,,9301 W C-476,,,,BUSHNELL,FL,33513,,ATTN: PEPSI/STORE MANAGER,,02-42736,1,,3/3/2016,PREPAID AND ADD,,UPS,,ERICA JAMES,ERICA.JAMES@PEPSICO.COM,,,,,BUSHNELL,FL,33513
NO,LG022616E35,DOLLAR GENERAL #16535,,7 GRIGGS ROAD,,,,FORT MITCHELL,AL,36856,,ATTN: PEPSI/STORE MANAGER,,02-42736,1,,3/3/2016,PREPAID AND ADD,,UPS,,ERICA JAMES,ERICA.JAMES@PEPSICO.COM,,,,,FORT MITCHELL,AL,36856
NO,LG022616E36,DOLLAR GENERAL #16387,,5025 NC 96 HWY N,,,,SELMA,NC,27576,,ATTN: PEPSI/STORE MANAGER,,02-42736,1,,3/3/2016,PREPAID AND ADD,,UPS,,ERICA JAMES,ERICA.JAMES@PEPSICO.COM,,,,,SELMA,NC,27576
NO,LG022616E37,DOLLAR GENERAL #16528,,110 PAMELA DRIVE,,,,MACON,GA,31217,,ATTN: PEPSI/STORE MANAGER,,02-42736,1,,3/3/2016,PREPAID AND ADD,,UPS,,ERICA JAMES,ERICA.JAMES@PEPSICO.COM,,,,,MACON,GA,31217
NO,LG022616E38,DOLLAR GENERAL #16474,,9293 FM 418,,,,SILSBEE,TX,77656,,ATTN: PEPSI/STORE MANAGER,,02-42736,1,,3/3/2016,PREPAID AND ADD,,UPS,,ERICA JAMES,ERICA.JAMES@PEPSICO.COM,,,,,SILSBEE,TX,77656
NO,LG022616E39,DOLLAR GENERAL #16612,,4660 107 CUTOFF,,,,GREENEVILLE,TN,37743,,ATTN: PEPSI/STORE MANAGER,,02-42736,1,,3/3/2016,PREPAID AND ADD,,UPS,,ERICA JAMES,ERICA.JAMES@PEPSICO.COM,,,,,GREENEVILLE,TN,37743
NO,LG022616E40,DOLLAR GENERAL #11564,,721 E JEFFERSON AVE,,,,RICHLAND,MO,65556,,ATTN: PEPSI/STORE MANAGER,,02-42736,1,,3/3/2016,PREPAID AND ADD,,UPS,,ERICA JAMES,ERICA.JAMES@PEPSICO.COM,,,,,RICHLAND,MO,65556
NO,LG022616E41,DOLLAR GENERAL #11577,,11848 STATE ROUTE 131,,,,SYMSONIA,KY,42082,,ATTN: PEPSI/STORE MANAGER,,02-42736,1,,3/3/2016,PREPAID AND ADD,,UPS,,ERICA JAMES,ERICA.JAMES@PEPSICO.COM,,,,,SYMSONIA,KY,42082
NO,LG022616E42,DOLLAR GENERAL #11758,,510 E MAIN ST,,,,SALEM,KY,42078,,ATTN: PEPSI/STORE MANAGER,,02-42736,1,,3/3/2016,PREPAID AND ADD,,UPS,,ERICA JAMES,ERICA.JAMES@PEPSICO.COM,,,,,SALEM,KY,42078
NO,LG022616E43,DOLLAR GENERAL #11636,,3138 US HIGHWAY 17 S,,,,ZOLFO SPRINGS,FL,33890,,ATTN: PEPSI/STORE MANAGER,,02-42736,1,,3/3/2016,PREPAID AND ADD,,UPS,,ERICA JAMES,ERICA.JAMES@PEPSICO.COM,,,,,ZOLFO SPRINGS,FL,33890
NO,LG022616E44,DOLLAR GENERAL #11659,,300 N ROY HILL BLVD,,,,GOODMAN,MO,64843,,ATTN: PEPSI/STORE MANAGER,,02-42736,1,,3/3/2016,PREPAID AND ADD,,UPS,,ERICA JAMES,ERICA.JAMES@PEPSICO.COM,,,,,GOODMAN,MO,64843
NO,LG022616E45,DOLLAR GENERAL #8823,,2556 RUSSELLVILLE RD,,,,BOWLING GREEN,KY,42101,,ATTN: PEPSI/STORE MANAGER,,02-42736,1,,3/3/2016,PREPAID AND ADD,,UPS,,ERICA JAMES,ERICA.JAMES@PEPSICO.COM,,,,,BOWLING GREEN,KY,42101
NO,LG022616E46,DOLLAR GENERAL #10061,,1000 S POWERLINE RD,,,,POMPANO BEACH,FL,33069,,ATTN: PEPSI/STORE MANAGER,,02-42736,1,,3/3/2016,PREPAID AND ADD,,UPS,,ERICA JAMES,ERICA.JAMES@PEPSICO.COM,,,,,POMPANO BEACH,FL,33069
NO,LG022616E47,DOLLAR GENERAL #6534,,4625 HIGHWAY 1,,,,NAPOLEONVILLE,LA,70390,,ATTN: PEPSI/STORE MANAGER,,02-42736,1,,3/3/2016,PREPAID AND ADD,,UPS,,ERICA JAMES,ERICA.JAMES@PEPSICO.COM,,,,,NAPOLEONVILLE,LA,70390
NO,LG022616E48,DOLLAR GENERAL #11690,,112 E NASHVILLE ST,,,,PEMBROKE,KY,42266,,ATTN: PEPSI/STORE MANAGER,,02-42736,1,,3/3/2016,PREPAID AND ADD,,UPS,,ERICA JAMES,ERICA.JAMES@PEPSICO.COM,,,,,PEMBROKE,KY,42266
NO,LG022616E49,DOLLAR GENERAL #6826,,6345 MAIN HWY,,,,SAINT MARTINVILLE,LA,70582,,ATTN: PEPSI/STORE MANAGER,,02-42736,1,,3/3/2016,PREPAID AND ADD,,UPS,,ERICA JAMES,ERICA.JAMES@PEPSICO.COM,,,,,SAINT MARTINVILLE,LA,70582
NO,LG022616E50,DOLLAR GENERAL #10618,,7706 WEEKS ISLAND RD,,,,NEW IBERIA,LA,70560,,ATTN: PEPSI/STORE MANAGER,,02-42736,1,,3/3/2016,PREPAID AND ADD,,UPS,,ERICA JAMES,ERICA.JAMES@PEPSICO.COM,,,,,NEW IBERIA,LA,70560
NO,LG022616E51,DOLLAR GENERAL #6132,,7026 US HIGHWAY 301 N,,,,ELLENTON,FL,34222,,ATTN: PEPSI/STORE MANAGER,,02-42736,1,,3/3/2016,PREPAID AND ADD,,UPS,,ERICA JAMES,ERICA.JAMES@PEPSICO.COM,,,,,ELLENTON,FL,34222
NO,LG022616E52,DOLLAR GENERAL #7102,,2535 W KEARNEY ST,,,,SPRINGFIELD,MO,65803,,ATTN: PEPSI/STORE MANAGER,,02-42736,1,,3/3/2016,PREPAID AND ADD,,UPS,,ERICA JAMES,ERICA.JAMES@PEPSICO.COM,,,,,SPRINGFIELD,MO,65803
NO,LG022616E53,DOLLAR GENERAL #11140,,1342 W MOUNT VERNON ST,,,,NIXA,MO,65714,,ATTN: PEPSI/STORE MANAGER,,02-42736,1,,3/3/2016,PREPAID AND ADD,,UPS,,ERICA JAMES,ERICA.JAMES@PEPSICO.COM,,,,,NIXA,MO,65714
NO,LG022616E54,DOLLAR GENERAL #11404,,400 S ALEX PLAISANCE BLVD,,,,GOLDEN MEADOW,LA,70357,,ATTN: PEPSI/STORE MANAGER,,02-42736,1,,3/3/2016,PREPAID AND ADD,,UPS,,ERICA JAMES,ERICA.JAMES@PEPSICO.COM,,,,,GOLDEN MEADOW,LA,70357
NO,LG022616E55,DOLLAR GENERAL #16274,,110 W. MAIN STREET,,,,ROGUE RIVER,OR,97537,,ATTN: PEPSI/STORE MANAGER,,02-42736,1,,3/3/2016,PREPAID AND ADD,,UPS,,ERICA JAMES,ERICA.JAMES@PEPSICO.COM,,,,,ROGUE RIVER,OR,97537
NO,LG022616E56,DOLLAR GENERAL #16408,,1508 NORTH JEFFERSON ST,,,,ALBANY,GA,31701,,ATTN: PEPSI/STORE MANAGER,,02-42736,1,,3/3/2016,PREPAID AND ADD,,UPS,,ERICA JAMES,ERICA.JAMES@PEPSICO.COM,,,,,ALBANY,GA,31701
NO,LG022616E57,DOLLAR GENERAL #16375,,14565 US HWY 72,,,,ATHENS,AL,35611,,ATTN: PEPSI/STORE MANAGER,,02-42736,1,,3/3/2016,PREPAID AND ADD,,UPS,,ERICA JAMES,ERICA.JAMES@PEPSICO.COM,,,,,ATHENS,AL,35611
NO,LG022616E58,DOLLAR GENERAL #16504,,6159 19E HWY,,,,SPRUCE PINE,NC,28777,,ATTN: PEPSI/STORE MANAGER,,02-42736,1,,3/3/2016,PREPAID AND ADD,,UPS,,ERICA JAMES,ERICA.JAMES@PEPSICO.COM,,,,,SPRUCE PINE,NC,28777
NO,LG022616E59,DOLLAR GENERAL #16339,,4500 S NC 39 HWY,,,,HENDERSON,NC,27537,,ATTN: PEPSI/STORE MANAGER,,02-42736,1,,3/3/2016,PREPAID AND ADD,,UPS,,ERICA JAMES,ERICA.JAMES@PEPSICO.COM,,,,,HENDERSON,NC,27537
NO,LG022616E60,DOLLAR GENERAL #16571,,402 N COUNTY RD. 57,,,,WINTHROP,MN,55396,,ATTN: PEPSI/STORE MANAGER,,02-42736,1,,3/3/2016,PREPAID AND ADD,,UPS,,ERICA JAMES,ERICA.JAMES@PEPSICO.COM,,,,,WINTHROP,MN,55396
NO,LG022616E61,DOLLAR GENERAL #15682,,13685 ROUTE 76,,,,POPLAR GROVE,IL,61065,,ATTN: PEPSI/STORE MANAGER,,02-42736,1,,3/3/2016,PREPAID AND ADD,,UPS,,ERICA JAMES,ERICA.JAMES@PEPSICO.COM,,,,,POPLAR GROVE,IL,61065
NO,LG022616E62,DOLLAR GENERAL #16186,,901 N ROANE ST,,,,HARRIMAN,TN,37748,,ATTN: PEPSI/STORE MANAGER,,02-42736,1,,3/3/2016,PREPAID AND ADD,,UPS,,ERICA JAMES,ERICA.JAMES@PEPSICO.COM,,,,,HARRIMAN,TN,37748
NO,LG022616E63,DOLLAR GENERAL #16325,,419 S PAW PAW STREET,,,,LAWRENCE,MI,49064,,ATTN: PEPSI/STORE MANAGER,,02-42736,1,,3/3/2016,PREPAID AND ADD,,UPS,,ERICA JAMES,ERICA.JAMES@PEPSICO.COM,,,,,LAWRENCE,MI,49064
NO,LG022616E64,DOLLAR GENERAL #16362,,3050 HIGHWAY 66 S,,,,ROGERSVILLE,TN,37857,,ATTN: PEPSI/STORE MANAGER,,02-42736,1,,3/3/2016,PREPAID AND ADD,,UPS,,ERICA JAMES,ERICA.JAMES@PEPSICO.COM,,,,,ROGERSVILLE,TN,37857
NO,LG022616E65,DOLLAR GENERAL #16372,,12530 HWY 24 EAST,,,,DAVISBORO,GA,31018,,ATTN: PEPSI/STORE MANAGER,,02-42736,1,,3/3/2016,PREPAID AND ADD,,UPS,,ERICA JAMES,ERICA.JAMES@PEPSICO.COM,,,,,DAVISBORO,GA,31018
NO,LG022616E66,DOLLAR GENERAL #16379,,122 E. U.S. HIGHWAY 69,,,,DENISON,TX,75021,,ATTN: PEPSI/STORE MANAGER,,02-42736,1,,3/3/2016,PREPAID AND ADD,,UPS,,ERICA JAMES,ERICA.JAMES@PEPSICO.COM,,,,,DENISON,TX,75021
NO,LG022616E67,DOLLAR GENERAL #16410,,5870 HIGHWAY 27,,,,CENTER POINT,TX,78010,,ATTN: PEPSI/STORE MANAGER,,02-42736,1,,3/3/2016,PREPAID AND ADD,,UPS,,ERICA JAMES,ERICA.JAMES@PEPSICO.COM,,,,,CENTER POINT,TX,78010
NO,LG022616E68,DOLLAR GENERAL #16412,,5643 CASAR RD,,,,CASAR,NC,28020,,ATTN: PEPSI/STORE MANAGER,,02-42736,1,,3/3/2016,PREPAID AND ADD,,UPS,,ERICA JAMES,ERICA.JAMES@PEPSICO.COM,,,,,CASAR,NC,28020
NO,LG022616E69,DOLLAR GENERAL #16447,,111 E. DIVISION STREET,,,,NEILLSVILLE,WI,54456,,ATTN: PEPSI/STORE MANAGER,,02-42736,1,,3/3/2016,PREPAID AND ADD,,UPS,,ERICA JAMES,ERICA.JAMES@PEPSICO.COM,,,,,NEILLSVILLE,WI,54456
NO,LG022616E70,DOLLAR GENERAL #16480,,1612 N. WHEELING AVENUE,,,,MUNCIE,IN,47303,,ATTN: PEPSI/STORE MANAGER,,02-42736,1,,3/3/2016,PREPAID AND ADD,,UPS,,ERICA JAMES,ERICA.JAMES@PEPSICO.COM,,,,,MUNCIE,IN,47303
NO,LG022616E71,DOLLAR GENERAL #16507,,131 N. NEBRASKA STREET,,,,SALEM,SD,57058,,ATTN: PEPSI/STORE MANAGER,,02-42736,1,,3/3/2016,PREPAID AND ADD,,UPS,,ERICA JAMES,ERICA.JAMES@PEPSICO.COM,,,,,SALEM,SD,57058
NO,LG022616E72,DOLLAR GENERAL #16382,,736 N.MAIN STREET,,,,OPELOUSAS,LA,70570,,ATTN: PEPSI/STORE MANAGER,,02-42736,1,,3/3/2016,PREPAID AND ADD,,UPS,,ERICA JAMES,ERICA.JAMES@PEPSICO.COM,,,,,OPELOUSAS,LA,70570
NO,LG022616E73,DOLLAR GENERAL #16531,,815 MINNESOTA AVENUE WEST,,,,WALKER,MN,56484,,ATTN: PEPSI/STORE MANAGER,,02-42736,1,,3/3/2016,PREPAID AND ADD,,UPS,,ERICA JAMES,ERICA.JAMES@PEPSICO.COM,,,,,WALKER,MN,56484
NO,LG022616E74,DOLLAR GENERAL #16328,,16157 HIGHWAY 26W,,,,LUCEDALE,MS,39452,,ATTN: PEPSI/STORE MANAGER,,02-42736,1,,3/3/2016,PREPAID AND ADD,,UPS,,ERICA JAMES,ERICA.JAMES@PEPSICO.COM,,,,,LUCEDALE,MS,39452
NO,LG022616E75,DOLLAR GENERAL #16420,,401 STATE HWY 13 SOUTH,,,,NEW RICHLAND,MN,56072,,ATTN: PEPSI/STORE MANAGER,,02-42736,1,,3/3/2016,PREPAID AND ADD,,UPS,,ERICA JAMES,ERICA.JAMES@PEPSICO.COM,,,,,NEW RICHLAND,MN,56072
NO,LG022616E76,DOLLAR GENERAL #16346,,4781 LAPEER RD,,,,KIMBALL,MI,48074,,ATTN: PEPSI/STORE MANAGER,,02-42736,1,,3/3/2016,PREPAID AND ADD,,UPS,,ERICA JAMES,ERICA.JAMES@PEPSICO.COM,,,,,KIMBALL,MI,48074
NO,LG022616E77,DOLLAR GENERAL #16347,,6885 WHITEHALL RD,,,,WHITEHALL,MI,49461,,ATTN: PEPSI/STORE MANAGER,,02-42736,1,,3/3/2016,PREPAID AND ADD,,UPS,,ERICA JAMES,ERICA.JAMES@PEPSICO.COM,,,,,WHITEHALL,MI,49461
NO,LG022616E78,DOLLAR GENERAL #16405,,5035 HOOPER HWY,,,,COSBY,TN,37722,,ATTN: PEPSI/STORE MANAGER,,02-42736,1,,3/3/2016,PREPAID AND ADD,,UPS,,ERICA JAMES,ERICA.JAMES@PEPSICO.COM,,,,,COSBY,TN,37722
NO,LG022616E79,DOLLAR GENERAL #16424,,410 2ND ST. NORTHEAST,,,,ELBOW LAKE,MN,56531,,ATTN: PEPSI/STORE MANAGER,,02-42736,1,,3/3/2016,PREPAID AND ADD,,UPS,,ERICA JAMES,ERICA.JAMES@PEPSICO.COM,,,,,ELBOW LAKE,MN,56531
NO,LG022616E80,DOLLAR GENERAL #16460,,2622 COURTLAND RD,,,,SOUTH PRINCE GEORGE,VA,23805,,ATTN: PEPSI/STORE MANAGER,,02-42736,1,,3/3/2016,PREPAID AND ADD,,UPS,,ERICA JAMES,ERICA.JAMES@PEPSICO.COM,,,,,SOUTH PRINCE GEORGE,VA,23805
NO,LG022616E81,DOLLAR GENERAL #16461,,7306 GREENVILLE RD,,,,ELKTON,KY,42220,,ATTN: PEPSI/STORE MANAGER,,02-42736,1,,3/3/2016,PREPAID AND ADD,,UPS,,ERICA JAMES,ERICA.JAMES@PEPSICO.COM,,,,,ELKTON,KY,42220
NO,LG022616E82,DOLLAR GENERAL #16463,,226 HIGHWAY 79 SOUTH,,,,GIBSON,TN,38338,,ATTN: PEPSI/STORE MANAGER,,02-42736,1,,3/3/2016,PREPAID AND ADD,,UPS,,ERICA JAMES,ERICA.JAMES@PEPSICO.COM,,,,,GIBSON,TN,38338
NO,LG022616E83,DOLLAR GENERAL #16532,,500 5TH AVENUE SOUTH,,,,COON RAPIDS,IA,50058,,ATTN: PEPSI/STORE MANAGER,,02-42736,1,,3/3/2016,PREPAID AND ADD,,UPS,,ERICA JAMES,ERICA.JAMES@PEPSICO.COM,,,,,COON RAPIDS,IA,50058
NO,LG022616E84,DOLLAR GENERAL #16616,,1041 SOUTH OTTER AVENUE,,,,PARKERS PRAIRIE,MN,56361,,ATTN: PEPSI/STORE MANAGER,,02-42736,1,,3/3/2016,PREPAID AND ADD,,UPS,,ERICA JAMES,ERICA.JAMES@PEPSICO.COM,,,,,PARKERS PRAIRIE,MN,56361
NO,LG022616E85,DOLLAR GENERAL #16344,,845 N STATE ROAD 21,,,,MELROSE,FL,32666,,ATTN: PEPSI/STORE MANAGER,,02-42736,1,,3/3/2016,PREPAID AND ADD,,UPS,,ERICA JAMES,ERICA.JAMES@PEPSICO.COM,,,,,MELROSE,FL,32666
NO,LG022616E86,DOLLAR GENERAL #6662,,2315 OLD JEANERETTE RD,,,,NEW IBERIA,LA,70563,,ATTN: PEPSI/STORE MANAGER,,02-42736,1,,3/3/2016,PREPAID AND ADD,,UPS,,ERICA JAMES,ERICA.JAMES@PEPSICO.COM,,,,,NEW IBERIA,LA,70563
NO,LG022616E87,DOLLAR GENERAL #7300,,1206 ALBERTSON PKWY,,,,BROUSSARD,LA,70518,,ATTN: PEPSI/STORE MANAGER,,02-42736,1,,3/3/2016,PREPAID AND ADD,,UPS,,ERICA JAMES,ERICA.JAMES@PEPSICO.COM,,,,,BROUSSARD,LA,70518
NO,LG022616E88,DOLLAR GENERAL #8685,,220 STURGIS RD,,,,MARION,KY,42064,,ATTN: PEPSI/STORE MANAGER,,02-42736,1,,3/3/2016,PREPAID AND ADD,,UPS,,ERICA JAMES,ERICA.JAMES@PEPSICO.COM,,,,,MARION,KY,42064
NO,LG022616E89,DOLLAR GENERAL #11367,,9576 STATE ROUTE 45 S,,,,WINGO,KY,42088,,ATTN: PEPSI/STORE MANAGER,,02-42736,1,,3/3/2016,PREPAID AND ADD,,UPS,,ERICA JAMES,ERICA.JAMES@PEPSICO.COM,,,,,WINGO,KY,42088
NO,LG022616E90,DOLLAR GENERAL #11545,,8517 US HIGHWAY 68 E,,,,BENTON,KY,42025,,ATTN: PEPSI/STORE MANAGER,,02-42736,1,,3/3/2016,PREPAID AND ADD,,UPS,,ERICA JAMES,ERICA.JAMES@PEPSICO.COM,,,,,BENTON,KY,42025
NO,LG022616E91,DOLLAR GENERAL #6090,,6958 S FLORIDA AVE,,,,FLORAL CITY,FL,34436,,ATTN: PEPSI/STORE MANAGER,,02-42736,1,,3/3/2016,PREPAID AND ADD,,UPS,,ERICA JAMES,ERICA.JAMES@PEPSICO.COM,,,,,FLORAL CITY,FL,34436
NO,LG022616E92,DOLLAR GENERAL #10627,,2611 S CAGE RD,,,,PHARR,TX,78577,,ATTN: PEPSI/STORE MANAGER,,02-42736,1,,3/3/2016,PREPAID AND ADD,,UPS,,ERICA JAMES,ERICA.JAMES@PEPSICO.COM,,,,,PHARR,TX,78577
NO,LG022616E93,DOLLAR GENERAL #11207,,1550 OCEAN SHORE BLVD,,,,ORMOND BEACH,FL,32176,,ATTN: PEPSI/STORE MANAGER,,02-42736,1,,3/3/2016,PREPAID AND ADD,,UPS,,ERICA JAMES,ERICA.JAMES@PEPSICO.COM,,,,,ORMOND BEACH,FL,32176
NO,LG022616E94,DOLLAR GENERAL #11256,,462 E MERCER,,,,JASPER,MO,64755,,ATTN: PEPSI/STORE MANAGER,,02-42736,1,,3/3/2016,PREPAID AND ADD,,UPS,,ERICA JAMES,ERICA.JAMES@PEPSICO.COM,,,,,JASPER,MO,64755
NO,LG022616E95,DOLLAR GENERAL #11449,,9635 N CITRUS SPRINGS BLV,,,,CITRUS SPRINGS,FL,34434,,ATTN: PEPSI/STORE MANAGER,,02-42736,1,,3/3/2016,PREPAID AND ADD,,UPS,,ERICA JAMES,ERICA.JAMES@PEPSICO.COM,,,,,CITRUS SPRINGS,FL,34434
NO,LG022616E96,DOLLAR GENERAL #11534,,469 N MARKET BLVD,,,,WEBSTER,FL,33597,,ATTN: PEPSI/STORE MANAGER,,02-42736,1,,3/3/2016,PREPAID AND ADD,,UPS,,ERICA JAMES,ERICA.JAMES@PEPSICO.COM,,,,,WEBSTER,FL,33597
NO,LG022616E97,DOLLAR GENERAL #11533,,107 S US HIGHWAY 1,,,,OAK HILL,FL,32759,,ATTN: PEPSI/STORE MANAGER,,02-42736,1,,3/3/2016,PREPAID AND ADD,,UPS,,ERICA JAMES,ERICA.JAMES@PEPSICO.COM,,,,,OAK HILL,FL,32759
NO,LG022616E98,DOLLAR GENERAL #1433,,2114 SCHOTTHILL WOODS DR,,,,JEFFERSON CITY,MO,65101,,ATTN: PEPSI/STORE MANAGER,,02-42736,1,,3/3/2016,PREPAID AND ADD,,UPS,,ERICA JAMES,ERICA.JAMES@PEPSICO.COM,,,,,JEFFERSON CITY,MO,65101
NO,LG022616E99,DOLLAR GENERAL #1045,,5744 W MAIN ST,,,,HOUMA,LA,70360,,ATTN: PEPSI/STORE MANAGER,,02-42736,1,,3/3/2016,PREPAID AND ADD,,UPS,,ERICA JAMES,ERICA.JAMES@PEPSICO.COM,,,,,HOUMA,LA,70360
NO,LG022616E100,DOLLAR GENERAL #11322,,77280 LANDRY DRIVE,,,,MARINGOUIN,LA,70757,,ATTN: PEPSI/STORE MANAGER,,02-42736,1,,3/3/2016,PREPAID AND ADD,,UPS,,ERICA JAMES,ERICA.JAMES@PEPSICO.COM,,,,,MARINGOUIN,LA,70757
NO,LG022616E101,DOLLAR GENERAL #11397,,12100 ST HWY 81 SOUTH,,,,SACRAMENTO,KY,42372,,ATTN: PEPSI/STORE MANAGER,,02-42736,1,,3/3/2016,PREPAID AND ADD,,UPS,,ERICA JAMES,ERICA.JAMES@PEPSICO.COM,,,,,SACRAMENTO,KY,42372
NO,LG022616E102,DOLLAR GENERAL #11743,,410 S COMMERCIAL,,,,CROCKER,MO,65452,,ATTN: PEPSI/STORE MANAGER,,02-42736,1,,3/3/2016,PREPAID AND ADD,,UPS,,ERICA JAMES,ERICA.JAMES@PEPSICO.COM,,,,,CROCKER,MO,65452
NO,LG022616E103,DOLLAR GENERAL #10241,,139 N FM 3167,,,,RIO GRANDE CITY,TX,78582,,ATTN: PEPSI/STORE MANAGER,,02-42736,1,,3/3/2016,PREPAID AND ADD,,UPS,,ERICA JAMES,ERICA.JAMES@PEPSICO.COM,,,,,RIO GRANDE CITY,TX,78582
NO,LG022616E104,DOLLAR GENERAL #11349,,1512 S WOODLAND BLVD,,,,DE LAND,FL,32720,,ATTN: PEPSI/STORE MANAGER,,02-42736,1,,3/3/2016,PREPAID AND ADD,,UPS,,ERICA JAMES,ERICA.JAMES@PEPSICO.COM,,,,,DE LAND,FL,32720
NO,LG022616E105,DOLLAR GENERAL #7231,,1726 S KANSAS EXPY,,,,SPRINGFIELD,MO,65807,,ATTN: PEPSI/STORE MANAGER,,02-42736,1,,3/3/2016,PREPAID AND ADD,,UPS,,ERICA JAMES,ERICA.JAMES@PEPSICO.COM,,,,,SPRINGFIELD,MO,65807
NO,LG022616E106,DOLLAR GENERAL #16352,,22281 HWY 62,,,,SHADY COVE,OR,97539,,ATTN: PEPSI/STORE MANAGER,,02-42736,1,,3/3/2016,PREPAID AND ADD,,UPS,,ERICA JAMES,ERICA.JAMES@PEPSICO.COM,,,,,SHADY COVE,OR,97539
NO,LG022616E107,DOLLAR GENERAL #16357,,1000 SANDFLAT ROAD,,,,MERIDIAN,MS,39301,,ATTN: PEPSI/STORE MANAGER,,02-42736,1,,3/3/2016,PREPAID AND ADD,,UPS,,ERICA JAMES,ERICA.JAMES@PEPSICO.COM,,,,,MERIDIAN,MS,39301
NO,LG022616E108,DOLLAR GENERAL #16312,,13079 BROADWAY DR,,,,MCCALLA,AL,35111,,ATTN: PEPSI/STORE MANAGER,,02-42736,1,,3/3/2016,PREPAID AND ADD,,UPS,,ERICA JAMES,ERICA.JAMES@PEPSICO.COM,,,,,MCCALLA,AL,35111
NO,LG022616E109,DOLLAR GENERAL #16390,,8921 US HIGHWAY 17,,,,POLLOCKSVILLE,NC,28573,,ATTN: PEPSI/STORE MANAGER,,02-42736,1,,3/3/2016,PREPAID AND ADD,,UPS,,ERICA JAMES,ERICA.JAMES@PEPSICO.COM,,,,,POLLOCKSVILLE,NC,28573
NO,LG022616E110,DOLLAR GENERAL #15895,,5469 FORT HENRY DR,,,,KINGSPORT,TN,37663,,ATTN: PEPSI/STORE MANAGER,,02-42736,1,,3/3/2016,PREPAID AND ADD,,UPS,,ERICA JAMES,ERICA.JAMES@PEPSICO.COM,,,,,KINGSPORT,TN,37663
NO,LG022616E111,DOLLAR GENERAL #16011,,280 FM 2821 WEST,,,,HUNTSVILLE,TX,77320,,ATTN: PEPSI/STORE MANAGER,,02-42736,1,,3/3/2016,PREPAID AND ADD,,UPS,,ERICA JAMES,ERICA.JAMES@PEPSICO.COM,,,,,HUNTSVILLE,TX,77320
NO,LG022616E112,DOLLAR GENERAL #16066,,4735 MIDDLEWAY PIKE,,,,KEARNEYSVILLE,WV,25430,,ATTN: PEPSI/STORE MANAGER,,02-42736,1,,3/3/2016,PREPAID AND ADD,,UPS,,ERICA JAMES,ERICA.JAMES@PEPSICO.COM,,,,,KEARNEYSVILLE,WV,25430
NO,LG022616E113,DOLLAR GENERAL #16192,,28414 E STATE RD 78,,,,OKEECHOBEE,FL,34974,,ATTN: PEPSI/STORE MANAGER,,02-42736,1,,3/3/2016,PREPAID AND ADD,,UPS,,ERICA JAMES,ERICA.JAMES@PEPSICO.COM,,,,,OKEECHOBEE,FL,34974
NO,LG022616E114,DOLLAR GENERAL #16331,,505 WEST HALL STREET,,,,HATCH,NM,87937,,ATTN: PEPSI/STORE MANAGER,,02-42736,1,,3/3/2016,PREPAID AND ADD,,UPS,,ERICA JAMES,ERICA.JAMES@PEPSICO.COM,,,,,HATCH,NM,87937
NO,LG022616E115,DOLLAR GENERAL #16395,,6610 LOUISVILLE RD,,,,BOWLING GREEN,KY,42101,,ATTN: PEPSI/STORE MANAGER,,02-42736,1,,3/3/2016,PREPAID AND ADD,,UPS,,ERICA JAMES,ERICA.JAMES@PEPSICO.COM,,,,,BOWLING GREEN,KY,42101
NO,LG022616E116,DOLLAR GENERAL #16403,,5311 US 70,,,,MEAD,OK,73449,,ATTN: PEPSI/STORE MANAGER,,02-42736,1,,3/3/2016,PREPAID AND ADD,,UPS,,ERICA JAMES,ERICA.JAMES@PEPSICO.COM,,,,,MEAD,OK,73449
NO,LG022616E117,DOLLAR GENERAL #16409,,410 W. SANTA CLARA BRIDGE RD,,,,ESPANOLA,NM,87532,,ATTN: PEPSI/STORE MANAGER,,02-42736,1,,3/3/2016,PREPAID AND ADD,,UPS,,ERICA JAMES,ERICA.JAMES@PEPSICO.COM,,,,,ESPANOLA,NM,87532
NO,LG022616E118,DOLLAR GENERAL #16411,,4762 SR42,,,,CLOVERDALE,IN,46120,,ATTN: PEPSI/STORE MANAGER,,02-42736,1,,3/3/2016,PREPAID AND ADD,,UPS,,ERICA JAMES,ERICA.JAMES@PEPSICO.COM,,,,,CLOVERDALE,IN,46120
NO,LG022616E119,DOLLAR GENERAL #16450,,605 E 7TH ST,,,,STARBUCK,MN,56381,,ATTN: PEPSI/STORE MANAGER,,02-42736,1,,3/3/2016,PREPAID AND ADD,,UPS,,ERICA JAMES,ERICA.JAMES@PEPSICO.COM,,,,,STARBUCK,MN,56381
NO,LG022616E120,DOLLAR GENERAL #16462,,9150 W US HWY 377,,,,TOLAR,TX,76476,,ATTN: PEPSI/STORE MANAGER,,02-42736,1,,3/3/2016,PREPAID AND ADD,,UPS,,ERICA JAMES,ERICA.JAMES@PEPSICO.COM,,,,,TOLAR,TX,76476
NO,LG022616E121,DOLLAR GENERAL #16478,,1100 S. COTTAGE AVE,,,,NORMAL,IL,61761,,ATTN: PEPSI/STORE MANAGER,,02-42736,1,,3/3/2016,PREPAID AND ADD,,UPS,,ERICA JAMES,ERICA.JAMES@PEPSICO.COM,,,,,NORMAL,IL,61761
NO,LG022616E122,DOLLAR GENERAL #16508,,1017 S. MAIN STREET,,,,LENNOX,SD,57039,,ATTN: PEPSI/STORE MANAGER,,02-42736,1,,3/3/2016,PREPAID AND ADD,,UPS,,ERICA JAMES,ERICA.JAMES@PEPSICO.COM,,,,,LENNOX,SD,57039
NO,LG022616E123,DOLLAR GENERAL #16265,,117 STOKES LANDING RD,,,,SAINT AUGUSTINE,FL,32095,,ATTN: PEPSI/STORE MANAGER,,02-42736,1,,3/3/2016,PREPAID AND ADD,,UPS,,ERICA JAMES,ERICA.JAMES@PEPSICO.COM,,,,,SAINT AUGUSTINE,FL,32095
NO,LG022616E124,DOLLAR GENERAL #16268,,3661 RANSOMVILLE ROAD,,,,RANSOMVILLE,NY,14131,,ATTN: PEPSI/STORE MANAGER,,02-42736,1,,3/3/2016,PREPAID AND ADD,,UPS,,ERICA JAMES,ERICA.JAMES@PEPSICO.COM,,,,,RANSOMVILLE,NY,14131
NO,LG022616E125,DOLLAR GENERAL #16384,,5622 MCNUTT ROAD,,,,SANTA TERESA,NM,88008,,ATTN: PEPSI/STORE MANAGER,,02-42736,1,,3/3/2016,PREPAID AND ADD,,UPS,,ERICA JAMES,ERICA.JAMES@PEPSICO.COM,,,,,SANTA TERESA,NM,88008
NO,LG022616E126,DOLLAR GENERAL #16413,,7129 STATE HIGHWAY 107,,,,MCALLEN,TX,78504,,ATTN: PEPSI/STORE MANAGER,,02-42736,1,,3/3/2016,PREPAID AND ADD,,UPS,,ERICA JAMES,ERICA.JAMES@PEPSICO.COM,,,,,MCALLEN,TX,78504
NO,LG022616E127,DOLLAR GENERAL #16417,,2504 FERRNDALE CUTTOFF,,,,LITTLE ROCK,AR,72223,,ATTN: PEPSI/STORE MANAGER,,02-42736,1,,3/3/2016,PREPAID AND ADD,,UPS,,ERICA JAMES,ERICA.JAMES@PEPSICO.COM,,,,,LITTLE ROCK,AR,72223
NO,LG022616E128,DOLLAR GENERAL #16422,,11258 OLD TULLAHOMA RD,,,,TULLAHOMA,TN,37388,,ATTN: PEPSI/STORE MANAGER,,02-42736,1,,3/3/2016,PREPAID AND ADD,,UPS,,ERICA JAMES,ERICA.JAMES@PEPSICO.COM,,,,,TULLAHOMA,TN,37388
NO,LG022616E129,DOLLAR GENERAL #16448,,7150 SR 124,,,,RUSSELLVILLE,AR,72802,,ATTN: PEPSI/STORE MANAGER,,02-42736,1,,3/3/2016,PREPAID AND ADD,,UPS,,ERICA JAMES,ERICA.JAMES@PEPSICO.COM,,,,,RUSSELLVILLE,AR,72802
NO,LG022616E130,DOLLAR GENERAL #16458,,100 COUNTY 1 W,,,,PINE RIVER,MN,56474,,ATTN: PEPSI/STORE MANAGER,,02-42736,1,,3/3/2016,PREPAID AND ADD,,UPS,,ERICA JAMES,ERICA.JAMES@PEPSICO.COM,,,,,PINE RIVER,MN,56474
NO,LG022616E131,DOLLAR GENERAL #16499,,1070 N BROADWAY ST,,,,PORTLAND,TN,37148,,ATTN: PEPSI/STORE MANAGER,,02-42736,1,,3/3/2016,PREPAID AND ADD,,UPS,,ERICA JAMES,ERICA.JAMES@PEPSICO.COM,,,,,PORTLAND,TN,37148
NO,LG022616E132,DOLLAR GENERAL #16633,,26806 STATE HWY 91,,,,HUMPHREY,NE,68642,,ATTN: PEPSI/STORE MANAGER,,02-42736,1,,3/3/2016,PREPAID AND ADD,,UPS,,ERICA JAMES,ERICA.JAMES@PEPSICO.COM,,,,,HUMPHREY,NE,68642
NO,LG022616E133,DOLLAR GENERAL #17067,,1700 E COURT STREET,,,,KANKAKEE,IL,60901,,ATTN: PEPSI/STORE MANAGER,,02-42736,1,,3/3/2016,PREPAID AND ADD,,UPS,,ERICA JAMES,ERICA.JAMES@PEPSICO.COM,,,,,KANKAKEE,IL,60901
NO,LG022616E134,DOLLAR GENERAL #16446,,611 E MAIN STREET,,,,HAGERSTOWN,IN,47346,,ATTN: PEPSI/STORE MANAGER,,02-42736,1,,3/3/2016,PREPAID AND ADD,,UPS,,ERICA JAMES,ERICA.JAMES@PEPSICO.COM,,,,,HAGERSTOWN,IN,47346
NO,LG022616E135,DOLLAR GENERAL #16626,,8060 CLAY COUNTY HWY,,,,MOSS,TN,38575,,ATTN: PEPSI/STORE MANAGER,,02-42736,1,,3/3/2016,PREPAID AND ADD,,UPS,,ERICA JAMES,ERICA.JAMES@PEPSICO.COM,,,,,MOSS,TN,38575
NO,LG022616E136,DOLLAR GENERAL #9594,,4311 MOSS ST,,,,LAFAYETTE,LA,70507,,ATTN: PEPSI/STORE MANAGER,,02-42736,1,,3/3/2016,PREPAID AND ADD,,UPS,,ERICA JAMES,ERICA.JAMES@PEPSICO.COM,,,,,LAFAYETTE,LA,70507
NO,LG022616E137,DOLLAR GENERAL #10340,,1769 ALEXANDRIA DR,,,,LEXINGTON,KY,40504,,ATTN: PEPSI/STORE MANAGER,,02-42736,1,,3/3/2016,PREPAID AND ADD,,UPS,,ERICA JAMES,ERICA.JAMES@PEPSICO.COM,,,,,LEXINGTON,KY,40504
NO,LG022616E138,DOLLAR GENERAL #11414,,2701 WALDRON RD,,,,CORPUS CHRISTI,TX,78418,,ATTN: PEPSI/STORE MANAGER,,02-42736,1,,3/3/2016,PREPAID AND ADD,,UPS,,ERICA JAMES,ERICA.JAMES@PEPSICO.COM,,,,,CORPUS CHRISTI,TX,78418
NO,LG022616E139,DOLLAR GENERAL #11503,,3839 BARBOURVILLE RD,,,,LONDON,KY,40744,,ATTN: PEPSI/STORE MANAGER,,02-42736,1,,3/3/2016,PREPAID AND ADD,,UPS,,ERICA JAMES,ERICA.JAMES@PEPSICO.COM,,,,,LONDON,KY,40744
NO,LG022616E140,DOLLAR GENERAL #9397,,2360 E NAPOLEON ST,,,,SULPHUR,LA,70663,,ATTN: PEPSI/STORE MANAGER,,02-42736,1,,3/3/2016,PREPAID AND ADD,,UPS,,ERICA JAMES,ERICA.JAMES@PEPSICO.COM,,,,,SULPHUR,LA,70663
NO,LG022616E141,DOLLAR GENERAL #3662,,3335 US HIGHWAY 441/27,,,,FRUITLAND PARK,FL,34731,,ATTN: PEPSI/STORE MANAGER,,02-42736,1,,3/3/2016,PREPAID AND ADD,,UPS,,ERICA JAMES,ERICA.JAMES@PEPSICO.COM,,,,,FRUITLAND PARK,FL,34731
NO,LG022616E142,DOLLAR GENERAL #7124,,100 N FRY ST,,,,YATES CENTER,KS,66783,,ATTN: PEPSI/STORE MANAGER,,02-42736,1,,3/3/2016,PREPAID AND ADD,,UPS,,ERICA JAMES,ERICA.JAMES@PEPSICO.COM,,,,,YATES CENTER,KS,66783
NO,LG022616E143,DOLLAR GENERAL #9975,,7090 STATE HWY 24,,,,CEDAR KEY,FL,32625,,ATTN: PEPSI/STORE MANAGER,,02-42736,1,,3/3/2016,PREPAID AND ADD,,UPS,,ERICA JAMES,ERICA.JAMES@PEPSICO.COM,,,,,CEDAR KEY,FL,32625
NO,LG022616E144,DOLLAR GENERAL #10630,,5514 OLD HWY 90,,,,SAN ANTONIO,TX,78227,,ATTN: PEPSI/STORE MANAGER,,02-42736,1,,3/3/2016,PREPAID AND ADD,,UPS,,ERICA JAMES,ERICA.JAMES@PEPSICO.COM,,,,,SAN ANTONIO,TX,78227
NO,LG022616E145,DOLLAR GENERAL #11411,,9601 NE JACKSONVILLE RD,,,,ANTHONY,FL,32617,,ATTN: PEPSI/STORE MANAGER,,02-42736,1,,3/3/2016,PREPAID AND ADD,,UPS,,ERICA JAMES,ERICA.JAMES@PEPSICO.COM,,,,,ANTHONY,FL,32617
NO,LG022616E146,DOLLAR GENERAL #11479,,16312 SPRING HILL DR # 6,,,,BROOKSVILLE,FL,34604,,ATTN: PEPSI/STORE MANAGER,,02-42736,1,,3/3/2016,PREPAID AND ADD,,UPS,,ERICA JAMES,ERICA.JAMES@PEPSICO.COM,,,,,BROOKSVILLE,FL,34604
NO,LG022616E147,DOLLAR GENERAL #11463,,13842 SE HIGHWAY 42,,,,WEIRSDALE,FL,32195,,ATTN: PEPSI/STORE MANAGER,,02-42736,1,,3/3/2016,PREPAID AND ADD,,UPS,,ERICA JAMES,ERICA.JAMES@PEPSICO.COM,,,,,WEIRSDALE,FL,32195
NO,LG022616E148,DOLLAR GENERAL #11535,,407 S OAK ST,,,,PEARSALL,TX,78061,,ATTN: PEPSI/STORE MANAGER,,02-42736,1,,3/3/2016,PREPAID AND ADD,,UPS,,ERICA JAMES,ERICA.JAMES@PEPSICO.COM,,,,,PEARSALL,TX,78061
NO,LG022616E149,DOLLAR GENERAL #4833,,417 W CALTON RD,,,,LAREDO,TX,78041,,ATTN: PEPSI/STORE MANAGER,,02-42736,1,,3/3/2016,PREPAID AND ADD,,UPS,,ERICA JAMES,ERICA.JAMES@PEPSICO.COM,,,,,LAREDO,TX,78041
NO,LG022616E150,DOLLAR GENERAL #1088,,21 MOUNT TABOR CT,,,,SHELBYVILLE,KY,40065,,ATTN: PEPSI/STORE MANAGER,,02-42736,1,,3/3/2016,PREPAID AND ADD,,UPS,,ERICA JAMES,ERICA.JAMES@PEPSICO.COM,,,,,SHELBYVILLE,KY,40065
NO,LG022616E151,DOLLAR GENERAL #55,,35 ARNOLD LN,,,,BLOOMFIELD,KY,40008,,ATTN: PEPSI/STORE MANAGER,,02-42736,1,,3/3/2016,PREPAID AND ADD,,UPS,,ERICA JAMES,ERICA.JAMES@PEPSICO.COM,,,,,BLOOMFIELD,KY,40008
NO,LG022616E152,DOLLAR GENERAL #1187,,12 W MONROE ST,,,,BUCKNER,MO,64016,,ATTN: PEPSI/STORE MANAGER,,02-42736,1,,3/3/2016,PREPAID AND ADD,,UPS,,ERICA JAMES,ERICA.JAMES@PEPSICO.COM,,,,,BUCKNER,MO,64016
NO,LG022616E153,DOLLAR GENERAL #4216,,4770 HOOPER RD,,,,BATON ROUGE,LA,70811,,ATTN: PEPSI/STORE MANAGER,,02-42736,1,,3/3/2016,PREPAID AND ADD,,UPS,,ERICA JAMES,ERICA.JAMES@PEPSICO.COM,,,,,BATON ROUGE,LA,70811
NO,LG022616E154,DOLLAR GENERAL #6269,,808 LODBELL HWY,,,,PORT ALLEN,LA,70767,,ATTN: PEPSI/STORE MANAGER,,02-42736,1,,3/3/2016,PREPAID AND ADD,,UPS,,ERICA JAMES,ERICA.JAMES@PEPSICO.COM,,,,,PORT ALLEN,LA,70767
NO,LG022616E155,DOLLAR GENERAL #11475,,704 N LOCUST ST,,,,SWEET SPRINGS,MO,65351,,ATTN: PEPSI/STORE MANAGER,,02-42736,1,,3/3/2016,PREPAID AND ADD,,UPS,,ERICA JAMES,ERICA.JAMES@PEPSICO.COM,,,,,SWEET SPRINGS,MO,65351
NO,LG022616E156,DOLLAR GENERAL #11894,,409 W FRANKLIN ST,,,,POMONA,KS,66076,,ATTN: PEPSI/STORE MANAGER,,02-42736,1,,3/3/2016,PREPAID AND ADD,,UPS,,ERICA JAMES,ERICA.JAMES@PEPSICO.COM,,,,,POMONA,KS,66076
NO,LG022616E157,DOLLAR GENERAL #10467,,6180 BEATLINE RD,,,,LONG BEACH,MS,39560,,ATTN: PEPSI/STORE MANAGER,,02-42736,1,,3/3/2016,PREPAID AND ADD,,UPS,,ERICA JAMES,ERICA.JAMES@PEPSICO.COM,,,,,LONG BEACH,MS,39560
NO,LG022616E158,DOLLAR GENERAL #11640,,1031 SECOND ST,,,,OSYKA,MS,39657,,ATTN: PEPSI/STORE MANAGER,,02-42736,1,,3/3/2016,PREPAID AND ADD,,UPS,,ERICA JAMES,ERICA.JAMES@PEPSICO.COM,,,,,OSYKA,MS,39657
NO,LG022616E159,DOLLAR GENERAL #338,,1645 ASHLAND RD,,,,GREENUP,KY,41144,,ATTN: PEPSI/STORE MANAGER,,02-42736,1,,3/3/2016,PREPAID AND ADD,,UPS,,ERICA JAMES,ERICA.JAMES@PEPSICO.COM,,,,,GREENUP,KY,41144
NO,LG022616E160,DOLLAR GENERAL #1332,,856 S BROAD ST,,,,BROOKSVILLE,FL,34601,,ATTN: PEPSI/STORE MANAGER,,02-42736,1,,3/3/2016,PREPAID AND ADD,,UPS,,ERICA JAMES,ERICA.JAMES@PEPSICO.COM,,,,,BROOKSVILLE,FL,34601
NO,LG022616E161,DOLLAR GENERAL #86,,21213 HIGHWAY 421 #5,,,,HYDEN,KY,41749,,ATTN: PEPSI/STORE MANAGER,,02-42736,1,,3/3/2016,PREPAID AND ADD,,UPS,,ERICA JAMES,ERICA.JAMES@PEPSICO.COM,,,,,HYDEN,KY,41749
NO,LG022616E162,DOLLAR GENERAL #915,,800 SENECA TRAIL N,,,,MARLINTON,WV,24954,,ATTN: PEPSI/STORE MANAGER,,02-42736,1,,3/3/2016,PREPAID AND ADD,,UPS,,ERICA JAMES,ERICA.JAMES@PEPSICO.COM,,,,,MARLINTON,WV,24954
NO,LG022616E163,DOLLAR GENERAL #10042,,31550 FM 306,,,,SPRING BRANCH,TX,78070,,ATTN: PEPSI/STORE MANAGER,,02-42736,1,,3/3/2016,PREPAID AND ADD,,UPS,,ERICA JAMES,ERICA.JAMES@PEPSICO.COM,,,,,SPRING BRANCH,TX,78070
NO,LG022616E164,DOLLAR GENERAL #10451,,3156 JUNCTION HWY,,,,INGRAM,TX,78025,,ATTN: PEPSI/STORE MANAGER,,02-42736,1,,3/3/2016,PREPAID AND ADD,,UPS,,ERICA JAMES,ERICA.JAMES@PEPSICO.COM,,,,,INGRAM,TX,78025
NO,LG022616E165,DOLLAR GENERAL #11142,,975 N HIGHWAY 27,,,,MINNEOLA,FL,34715,,ATTN: PEPSI/STORE MANAGER,,02-42736,1,,3/3/2016,PREPAID AND ADD,,UPS,,ERICA JAMES,ERICA.JAMES@PEPSICO.COM,,,,,MINNEOLA,FL,34715
NO,LG022616E166,DOLLAR GENERAL #11200,,9112 N STATE HIGHWAY 16,,,,POTEET,TX,78065,,ATTN: PEPSI/STORE MANAGER,,02-42736,1,,3/3/2016,PREPAID AND ADD,,UPS,,ERICA JAMES,ERICA.JAMES@PEPSICO.COM,,,,,POTEET,TX,78065
NO,LG022616E167,DOLLAR GENERAL #11376,,16885 SAN MARCOS HWY,,,,MARTINDALE,TX,78655,,ATTN: PEPSI/STORE MANAGER,,02-42736,1,,3/3/2016,PREPAID AND ADD,,UPS,,ERICA JAMES,ERICA.JAMES@PEPSICO.COM,,,,,MARTINDALE,TX,78655
NO,LG022616E168,DOLLAR GENERAL #11716,,4549 SW STATE ROAD 47,,,,LAKE CITY,FL,32024,,ATTN: PEPSI/STORE MANAGER,,02-42736,1,,3/3/2016,PREPAID AND ADD,,UPS,,ERICA JAMES,ERICA.JAMES@PEPSICO.COM,,,,,LAKE CITY,FL,32024
NO,LG022616E169,DOLLAR GENERAL #1230,,643 N MORLEY ST,,,,MOBERLY,MO,65270,,ATTN: PEPSI/STORE MANAGER,,02-42736,1,,3/3/2016,PREPAID AND ADD,,UPS,,ERICA JAMES,ERICA.JAMES@PEPSICO.COM,,,,,MOBERLY,MO,65270
NO,LG022616E170,DOLLAR GENERAL #7023,,226 S. HOLLYWOOD RD,,,,HOUMA,LA,70360,,ATTN: PEPSI/STORE MANAGER,,02-42736,1,,3/3/2016,PREPAID AND ADD,,UPS,,ERICA JAMES,ERICA.JAMES@PEPSICO.COM,,,,,HOUMA,LA,70360
NO,LG022616E171,DOLLAR GENERAL #8703,,100 TYLER S/C,,,,COVINGTON,LA,70433,,ATTN: PEPSI/STORE MANAGER,,02-42736,1,,3/3/2016,PREPAID AND ADD,,UPS,,ERICA JAMES,ERICA.JAMES@PEPSICO.COM,,,,,COVINGTON,LA,70433
NO,LG022616E172,DOLLAR GENERAL #11182,,216 S MAIN ST,,,,OSCEOLA,IA,50213,,ATTN: PEPSI/STORE MANAGER,,02-42736,1,,3/3/2016,PREPAID AND ADD,,UPS,,ERICA JAMES,ERICA.JAMES@PEPSICO.COM,,,,,OSCEOLA,IA,50213
NO,LG022616E173,DOLLAR GENERAL #11688,,43237 PUMPKIN CENTER RD,,,,HAMMOND,LA,70403,,ATTN: PEPSI/STORE MANAGER,,02-42736,1,,3/3/2016,PREPAID AND ADD,,UPS,,ERICA JAMES,ERICA.JAMES@PEPSICO.COM,,,,,HAMMOND,LA,70403
NO,LG022616E174,DOLLAR GENERAL #11786,,1406 MAIN ST (HWY K),,,,STEWARTSVILLE,MO,64490,,ATTN: PEPSI/STORE MANAGER,,02-42736,1,,3/3/2016,PREPAID AND ADD,,UPS,,ERICA JAMES,ERICA.JAMES@PEPSICO.COM,,,,,STEWARTSVILLE,MO,64490
NO,LG022616E175,DOLLAR GENERAL #11212,,260 CROSS CREEK,,,,BRANSON,MO,65616,,ATTN: PEPSI/STORE MANAGER,,02-42736,1,,3/3/2016,PREPAID AND ADD,,UPS,,ERICA JAMES,ERICA.JAMES@PEPSICO.COM,,,,,BRANSON,MO,65616
NO,LG022616E176,DOLLAR GENERAL #7823,,209 NC HIGHWAY 111 S,,,,GOLDSBORO,NC,27534,,ATTN: PEPSI/STORE MANAGER,,02-42736,1,,3/3/2016,PREPAID AND ADD,,UPS,,ERICA JAMES,ERICA.JAMES@PEPSICO.COM,,,,,GOLDSBORO,NC,27534
NO,LG022616E177,DOLLAR GENERAL #11653,,350 CLOVER LN,,,,CLOVERPORT,KY,40111,,ATTN: PEPSI/STORE MANAGER,,02-42736,1,,3/3/2016,PREPAID AND ADD,,UPS,,ERICA JAMES,ERICA.JAMES@PEPSICO.COM,,,,,CLOVERPORT,KY,40111
NO,LG022616E178,DOLLAR GENERAL #10450,,309 E COLORADO,,,,RIO HONDO,TX,78583,,ATTN: PEPSI/STORE MANAGER,,02-42736,1,,3/3/2016,PREPAID AND ADD,,UPS,,ERICA JAMES,ERICA.JAMES@PEPSICO.COM,,,,,RIO HONDO,TX,78583
NO,LG022616E179,DOLLAR GENERAL #8295,,701 E HIGHWAY 281,,,,PROGRESO,TX,78579,,ATTN: PEPSI/STORE MANAGER,,02-42736,1,,3/3/2016,PREPAID AND ADD,,UPS,,ERICA JAMES,ERICA.JAMES@PEPSICO.COM,,,,,PROGRESO,TX,78579
NO,LG022616E180,DOLLAR GENERAL #11811,,13421 RT C,,,,RUSSELLVILLE,MO,65074,,ATTN: PEPSI/STORE MANAGER,,02-42736,1,,3/3/2016,PREPAID AND ADD,,UPS,,ERICA JAMES,ERICA.JAMES@PEPSICO.COM,,,,,RUSSELLVILLE,MO,65074
NO,LG022616E181,DOLLAR GENERAL #16642,,14430 HWY 87 W,,,,TAR HEEL,NC,28392,,ATTN: PEPSI/STORE MANAGER,,02-42736,1,,3/3/2016,PREPAID AND ADD,,UPS,,ERICA JAMES,ERICA.JAMES@PEPSICO.COM,,,,,TAR HEEL,NC,28392
NO,LG022616E182,DOLLAR GENERAL #16552,,1001 E. HERITAGE PKY,,,,PRAIRIE GROVE,AR,72753,,ATTN: PEPSI/STORE MANAGER,,02-42736,1,,3/3/2016,PREPAID AND ADD,,UPS,,ERICA JAMES,ERICA.JAMES@PEPSICO.COM,,,,,PRAIRIE GROVE,AR,72753
NO,LG022616E183,DOLLAR GENERAL #7590,,101 E BLAIR,,,,THREE RIVERS,TX,78071,,ATTN: PEPSI/STORE MANAGER,,02-42736,1,,3/3/2016,PREPAID AND ADD,,UPS,,ERICA JAMES,ERICA.JAMES@PEPSICO.COM,,,,,THREE RIVERS,TX,78071
NO,LG022616E184,DOLLAR GENERAL #10415,,14823 NE HWY 315,,,,FORT MCCOY,FL,32134,,ATTN: PEPSI/STORE MANAGER,,02-42736,1,,3/3/2016,PREPAID AND ADD,,UPS,,ERICA JAMES,ERICA.JAMES@PEPSICO.COM,,,,,FORT MCCOY,FL,32134
NO,LG022616E185,DOLLAR GENERAL #7998,,605 HOLLY ST,,,,PLEASANTON,KS,66075,,ATTN: PEPSI/STORE MANAGER,,02-42736,1,,3/3/2016,PREPAID AND ADD,,UPS,,ERICA JAMES,ERICA.JAMES@PEPSICO.COM,,,,,PLEASANTON,KS,66075
NO,LG022616E186,DOLLAR GENERAL #10388,,16180 HIGHWAY 603,,,,KILN,MS,39556,,ATTN: PEPSI/STORE MANAGER,,02-42736,1,,3/3/2016,PREPAID AND ADD,,UPS,,ERICA JAMES,ERICA.JAMES@PEPSICO.COM,,,,,KILN,MS,39556
NO,LG022616E187,DOLLAR GENERAL #1635,,15250 NW US HWY 441,,,,ALACHUA,FL,32616,,ATTN: PEPSI/STORE MANAGER,,02-42736,1,,3/3/2016,PREPAID AND ADD,,UPS,,ERICA JAMES,ERICA.JAMES@PEPSICO.COM,,,,,ALACHUA,FL,32616
NO,LG022616E188,DOLLAR GENERAL #922,,1399 APPALACHIAN HWY,,,,PINEVILLE,WV,24874,,ATTN: PEPSI/STORE MANAGER,,02-42736,1,,3/3/2016,PREPAID AND ADD,,UPS,,ERICA JAMES,ERICA.JAMES@PEPSICO.COM,,,,,PINEVILLE,WV,24874
NO,LG022616E189,DOLLAR GENERAL #11752,,22712 US HIGHWAY 301 N,,,,LAWTEY,FL,32058,,ATTN: PEPSI/STORE MANAGER,,02-42736,1,,3/3/2016,PREPAID AND ADD,,UPS,,ERICA JAMES,ERICA.JAMES@PEPSICO.COM,,,,,LAWTEY,FL,32058
NO,LG022616E190,DOLLAR GENERAL #11754,,302 ROSE PORT RD,,,,ELWOOD,KS,66024,,ATTN: PEPSI/STORE MANAGER,,02-42736,1,,3/3/2016,PREPAID AND ADD,,UPS,,ERICA JAMES,ERICA.JAMES@PEPSICO.COM,,,,,ELWOOD,KS,66024
