(01) CONVERSION-FLAG,(30) PO-NUMBER        ,(40) SHIP-NAME        ,(40) SHIP-ADDRESS-1   ,(40) SHIP-ADDRESS-2   ,(40) SHIP-ADDRESS-3   ,(40) SHIP-ADDRESS-4   ,(40) SHIP-ADDRESS-5   ,(25) SHIP-CITY        ,(02) SHIP-STATE,(13) SHIP-ZIP         ,(25) SHIP-COUNTRY     ,(30) CONTACT          ,(20) CONTACT-PHONE    ,(38) BUYER-PART-NBR   ,(16) ORDER-QTY        ,(16) UNIT-PRICE       ,(10) ITEM-PROMISE-DATE,(20) SHIP-VIA,(19) WAYBILL ,(06) CARRIER                 ,(40) SHIP-ATTN     ,(40) BILL-NAME     ,(40) BILL-ADDRESS-1,(40) BILL-ADDRESS-2,(40) BILL-ADDRESS-3,(40) BILL-ADDRESS-4,(40) BILL-ADDRESS-5,(25) BILL-CITY     ,(02) BILL-STATE    ,(13) BILL-ZIP      ,(25) BILL-COUNTRY  ,(40) BILL-ATTN     ,(01) BILL-INTL-FLAG,(30) HDR-USER-2    ,(30) HDR-USER-3    ,(30) HDR-USER-4    ,(30) HDR-USER-5    ,(20) ORDER-SORT    ,(30) ORDER-SORT-2  ,(100)EMAIL         ,(03) PO-LINE-NBR   ,(20) INFO-1        ,(20) INFO-2        ,(30) LINE-USER-1   ,(30) LINE-USER-2   ,(30) LINE-USER-3   ,(30) LINE-USER-4   ,(17)L-SHIP-TO-CODE,BUYER-ID
NO,RC121015E1,DOLLAR GENERAL # 9807,201 RURITAN RD,,,,,HARRIMAN,TN,37748-6447,,,,02-42355,1,,12/11/2015,PREPAID AND ADD,,UPS,,,LONDON.NIELSON@PEPSICO.COM,RACHELLE.COLAS@PEPSIC.COM,STEPHEN.GOULD@PEPSICO.COM,,,,,,,,,,,,,,,,,,,,,,,,PEPSI
NO,RC121015E1,DOLLAR GENERAL # 9807,201 RURITAN RD,,,,,HARRIMAN,TN,37748-6447,,,,02-42237,1,,12/11/2015,PREPAID AND ADD,,UPS,,,LONDON.NIELSON@PEPSICO.COM,RACHELLE.COLAS@PEPSIC.COM,STEPHEN.GOULD@PEPSICO.COM,,,,,,,,,,,,,,,,,,,,,,,,PEPSI
NO,RC121015E2,DOLLAR GENERAL # 9815,430 BATTLEFIELD PKWY,,,,,FORT OGLETHORPE,GA,30742-3847,,,,02-42355,1,,12/11/2015,PREPAID AND ADD,,UPS,,,LONDON.NIELSON@PEPSICO.COM,RACHELLE.COLAS@PEPSIC.COM,STEPHEN.GOULD@PEPSICO.COM,,,,,,,,,,,,,,,,,,,,,,,PEPGA,PEPSI
NO,RC121015E2,DOLLAR GENERAL # 9815,430 BATTLEFIELD PKWY,,,,,FORT OGLETHORPE,GA,30742-3847,,,,02-42237,1,,12/11/2015,PREPAID AND ADD,,UPS,,,LONDON.NIELSON@PEPSICO.COM,RACHELLE.COLAS@PEPSIC.COM,STEPHEN.GOULD@PEPSICO.COM,,,,,,,,,,,,,,,,,,,,,,,PEPGA,PEPSI
NO,RC121015E3,DOLLAR GENERAL # 9825,185 S JEFFERSON AVE,,,,,COOKEVILLE,TN,38501-3424,,,,02-42355,1,,12/11/2015,PREPAID AND ADD,,UPS,,,LONDON.NIELSON@PEPSICO.COM,RACHELLE.COLAS@PEPSIC.COM,STEPHEN.GOULD@PEPSICO.COM,,,,,,,,,,,,,,,,,,,,,,,,PEPSI
NO,RC121015E3,DOLLAR GENERAL # 9825,185 S JEFFERSON AVE,,,,,COOKEVILLE,TN,38501-3424,,,,02-42237,1,,12/11/2015,PREPAID AND ADD,,UPS,,,LONDON.NIELSON@PEPSICO.COM,RACHELLE.COLAS@PEPSIC.COM,STEPHEN.GOULD@PEPSICO.COM,,,,,,,,,,,,,,,,,,,,,,,,PEPSI
NO,RC121015E4,DOLLAR GENERAL # 9857,9224 MIDDLEBROOK PIKE,,,,,KNOXVILLE,TN,37931-4701,,,,02-42355,1,,12/11/2015,PREPAID AND ADD,,UPS,,,LONDON.NIELSON@PEPSICO.COM,RACHELLE.COLAS@PEPSIC.COM,STEPHEN.GOULD@PEPSICO.COM,,,,,,,,,,,,,,,,,,,,,,,,PEPSI
NO,RC121015E4,DOLLAR GENERAL # 9857,9224 MIDDLEBROOK PIKE,,,,,KNOXVILLE,TN,37931-4701,,,,02-42237,1,,12/11/2015,PREPAID AND ADD,,UPS,,,LONDON.NIELSON@PEPSICO.COM,RACHELLE.COLAS@PEPSIC.COM,STEPHEN.GOULD@PEPSICO.COM,,,,,,,,,,,,,,,,,,,,,,,,PEPSI
NO,RC121015E5,DOLLAR GENERAL # 12003,835 E ANDREW JOHNSON HWY,,,,,GREENEVILLE,TN,37745-3581,,,,02-42355,1,,12/11/2015,PREPAID AND ADD,,UPS,,,LONDON.NIELSON@PEPSICO.COM,RACHELLE.COLAS@PEPSIC.COM,STEPHEN.GOULD@PEPSICO.COM,,,,,,,,,,,,,,,,,,,,,,,,PEPSI
NO,RC121015E5,DOLLAR GENERAL # 12003,835 E ANDREW JOHNSON HWY,,,,,GREENEVILLE,TN,37745-3581,,,,02-42237,1,,12/11/2015,PREPAID AND ADD,,UPS,,,LONDON.NIELSON@PEPSICO.COM,RACHELLE.COLAS@PEPSIC.COM,STEPHEN.GOULD@PEPSICO.COM,,,,,,,,,,,,,,,,,,,,,,,,PEPSI
NO,RC121015E6,DOLLAR GENERAL # 12008,1259 MILLER AVE #104,,,,,CROSSVILLE,TN,38555-5272,,,,02-42355,1,,12/11/2015,PREPAID AND ADD,,UPS,,,LONDON.NIELSON@PEPSICO.COM,RACHELLE.COLAS@PEPSIC.COM,STEPHEN.GOULD@PEPSICO.COM,,,,,,,,,,,,,,,,,,,,,,,,PEPSI
NO,RC121015E6,DOLLAR GENERAL # 12008,1259 MILLER AVE #104,,,,,CROSSVILLE,TN,38555-5272,,,,02-42237,1,,12/11/2015,PREPAID AND ADD,,UPS,,,LONDON.NIELSON@PEPSICO.COM,RACHELLE.COLAS@PEPSIC.COM,STEPHEN.GOULD@PEPSICO.COM,,,,,,,,,,,,,,,,,,,,,,,,PEPSI
NO,RC121015E7,DOLLAR GENERAL # 12009,118 TOM DAVIS RD,,,,,LIVINGSTON,TN,38570-2211,,,,02-42355,1,,12/11/2015,PREPAID AND ADD,,UPS,,,LONDON.NIELSON@PEPSICO.COM,RACHELLE.COLAS@PEPSIC.COM,STEPHEN.GOULD@PEPSICO.COM,,,,,,,,,,,,,,,,,,,,,,,,PEPSI
NO,RC121015E7,DOLLAR GENERAL # 12009,118 TOM DAVIS RD,,,,,LIVINGSTON,TN,38570-2211,,,,02-42237,1,,12/11/2015,PREPAID AND ADD,,UPS,,,LONDON.NIELSON@PEPSICO.COM,RACHELLE.COLAS@PEPSIC.COM,STEPHEN.GOULD@PEPSICO.COM,,,,,,,,,,,,,,,,,,,,,,,,PEPSI
NO,RC121015E8,DOLLAR GENERAL # 13930,40 3RD AVENUE WEST,,,,,ETON,GA,30724,,,,02-42355,1,,12/11/2015,PREPAID AND ADD,,UPS,,,LONDON.NIELSON@PEPSICO.COM,RACHELLE.COLAS@PEPSIC.COM,STEPHEN.GOULD@PEPSICO.COM,,,,,,,,,,,,,,,,,,,,,,,PEPGA,PEPSI
NO,RC121015E8,DOLLAR GENERAL # 13930,40 3RD AVENUE WEST,,,,,ETON,GA,30724,,,,02-42237,1,,12/11/2015,PREPAID AND ADD,,UPS,,,LONDON.NIELSON@PEPSICO.COM,RACHELLE.COLAS@PEPSIC.COM,STEPHEN.GOULD@PEPSICO.COM,,,,,,,,,,,,,,,,,,,,,,,PEPGA,PEPSI
NO,RC121015E9,DOLLAR GENERAL # 13349,1236 N. LIMESTONE ST.,,,,,GAFFNEY,SC,29340-2567,,,,02-42355,1,,12/11/2015,PREPAID AND ADD,,UPS,,,LONDON.NIELSON@PEPSICO.COM,RACHELLE.COLAS@PEPSIC.COM,STEPHEN.GOULD@PEPSICO.COM,,,,,,,,,,,,,,,,,,,,,,,,PEPSI
NO,RC121015E9,DOLLAR GENERAL # 13349,1236 N. LIMESTONE ST.,,,,,GAFFNEY,SC,29340-2567,,,,02-42237,1,,12/11/2015,PREPAID AND ADD,,UPS,,,LONDON.NIELSON@PEPSICO.COM,RACHELLE.COLAS@PEPSIC.COM,STEPHEN.GOULD@PEPSICO.COM,,,,,,,,,,,,,,,,,,,,,,,,PEPSI
NO,RC121015E10,DOLLAR GENERAL # 14751,5215 MEMORIAL BLVD,,,,,KINGSPORT,TX,37664-4476,,,,02-42355,1,,12/11/2015,PREPAID AND ADD,,UPS,,,LONDON.NIELSON@PEPSICO.COM,RACHELLE.COLAS@PEPSIC.COM,STEPHEN.GOULD@PEPSICO.COM,,,,,,,,,,,,,,,,,,,,,,,PEPTX01,PEPSI
NO,RC121015E10,DOLLAR GENERAL # 14751,5215 MEMORIAL BLVD,,,,,KINGSPORT,TX,37664-4476,,,,02-42237,1,,12/11/2015,PREPAID AND ADD,,UPS,,,LONDON.NIELSON@PEPSICO.COM,RACHELLE.COLAS@PEPSIC.COM,STEPHEN.GOULD@PEPSICO.COM,,,,,,,,,,,,,,,,,,,,,,,PEPTX,PEPSI
NO,RC121015E11,DOLLAR GENERAL # 12002,2426 VIRGINIA AVE,,,,,COLLINSVILLE,VA,24078-2321,,,,02-42355,1,,12/11/2015,PREPAID AND ADD,,UPS,,,LONDON.NIELSON@PEPSICO.COM,RACHELLE.COLAS@PEPSIC.COM,STEPHEN.GOULD@PEPSICO.COM,,,,,,,,,,,,,,,,,,,,,,,,PEPSI
NO,RC121015E11,DOLLAR GENERAL # 12002,2426 VIRGINIA AVE,,,,,COLLINSVILLE,VA,24078-2321,,,,02-42237,1,,12/11/2015,PREPAID AND ADD,,UPS,,,LONDON.NIELSON@PEPSICO.COM,RACHELLE.COLAS@PEPSIC.COM,STEPHEN.GOULD@PEPSICO.COM,,,,,,,,,,,,,,,,,,,,,,,,PEPSI
NO,RC121015E12,DOLLAR GENERAL # 14099,8318 OLD STATE RD,,,,,HOLLY HILL,SC,29059-8876,,,,02-42355,1,,12/11/2015,PREPAID AND ADD,,UPS,,,LONDON.NIELSON@PEPSICO.COM,RACHELLE.COLAS@PEPSIC.COM,STEPHEN.GOULD@PEPSICO.COM,,,,,,,,,,,,,,,,,,,,,,,,PEPSI
NO,RC121015E12,DOLLAR GENERAL # 14099,8318 OLD STATE RD,,,,,HOLLY HILL,SC,29059-8876,,,,02-42237,1,,12/11/2015,PREPAID AND ADD,,UPS,,,LONDON.NIELSON@PEPSICO.COM,RACHELLE.COLAS@PEPSIC.COM,STEPHEN.GOULD@PEPSICO.COM,,,,,,,,,,,,,,,,,,,,,,,,PEPSI
NO,RC121015E13,DOLLAR GENERAL # 13258,1131 SMOKEY PARK HWY,,,,,CANDLER,NC,28715-8240,,,,02-42355,1,,12/11/2015,PREPAID AND ADD,,UPS,,,LONDON.NIELSON@PEPSICO.COM,RACHELLE.COLAS@PEPSIC.COM,STEPHEN.GOULD@PEPSICO.COM,,,,,,,,,,,,,,,,,,,,,,,,PEPSI
NO,RC121015E13,DOLLAR GENERAL # 13258,1131 SMOKEY PARK HWY,,,,,CANDLER,NC,28715-8240,,,,02-42237,1,,12/11/2015,PREPAID AND ADD,,UPS,,,LONDON.NIELSON@PEPSICO.COM,RACHELLE.COLAS@PEPSIC.COM,STEPHEN.GOULD@PEPSICO.COM,,,,,,,,,,,,,,,,,,,,,,,,PEPSI
NO,RC121015E14,DOLLAR GENERAL # 13885,6960 SOUTH PINE ST.,,,,,PACOLET,SC,29372,,,,02-42355,1,,12/11/2015,PREPAID AND ADD,,UPS,,,LONDON.NIELSON@PEPSICO.COM,RACHELLE.COLAS@PEPSIC.COM,STEPHEN.GOULD@PEPSICO.COM,,,,,,,,,,,,,,,,,,,,,,,,PEPSI
NO,RC121015E14,DOLLAR GENERAL # 13885,6960 SOUTH PINE ST.,,,,,PACOLET,SC,29372,,,,02-42237,1,,12/11/2015,PREPAID AND ADD,,UPS,,,LONDON.NIELSON@PEPSICO.COM,RACHELLE.COLAS@PEPSIC.COM,STEPHEN.GOULD@PEPSICO.COM,,,,,,,,,,,,,,,,,,,,,,,,PEPSI
NO,RC121015E15,DOLLAR GENERAL # 13312,615 HWY 278,,,,,PIEDMONT,AL,36272-1457,,,,02-42355,1,,12/11/2015,PREPAID AND ADD,,UPS,,,LONDON.NIELSON@PEPSICO.COM,RACHELLE.COLAS@PEPSIC.COM,STEPHEN.GOULD@PEPSICO.COM,,,,,,,,,,,,,,,,,,,,,,,,PEPSI
NO,RC121015E15,DOLLAR GENERAL # 13312,615 HWY 278,,,,,PIEDMONT,AL,36272-1457,,,,02-42237,1,,12/11/2015,PREPAID AND ADD,,UPS,,,LONDON.NIELSON@PEPSICO.COM,RACHELLE.COLAS@PEPSIC.COM,STEPHEN.GOULD@PEPSICO.COM,,,,,,,,,,,,,,,,,,,,,,,,PEPSI
NO,RC121015E16,DOLLAR GENERAL # 9809,1416 HUNTSVILLE HWY,,,,,FAYETTEVILLE,TN,37334-3606,,,,02-42355,1,,12/11/2015,PREPAID AND ADD,,UPS,,,LONDON.NIELSON@PEPSICO.COM,RACHELLE.COLAS@PEPSIC.COM,STEPHEN.GOULD@PEPSICO.COM,,,,,,,,,,,,,,,,,,,,,,,,PEPSI
NO,RC121015E16,DOLLAR GENERAL # 9809,1416 HUNTSVILLE HWY,,,,,FAYETTEVILLE,TN,37334-3606,,,,02-42237,1,,12/11/2015,PREPAID AND ADD,,UPS,,,LONDON.NIELSON@PEPSICO.COM,RACHELLE.COLAS@PEPSIC.COM,STEPHEN.GOULD@PEPSICO.COM,,,,,,,,,,,,,,,,,,,,,,,,PEPSI
NO,RC121015E17,DOLLAR GENERAL # 9813,3700 J BLUE SPRING ROAD,,,,,HUNTSVILLE,AL,35810-3479,,,,02-42355,1,,12/11/2015,PREPAID AND ADD,,UPS,,,LONDON.NIELSON@PEPSICO.COM,RACHELLE.COLAS@PEPSIC.COM,STEPHEN.GOULD@PEPSICO.COM,,,,,,,,,,,,,,,,,,,,,,,,PEPSI
NO,RC121015E17,DOLLAR GENERAL # 9813,3700 J BLUE SPRING ROAD,,,,,HUNTSVILLE,AL,35810-3479,,,,02-42237,1,,12/11/2015,PREPAID AND ADD,,UPS,,,LONDON.NIELSON@PEPSICO.COM,RACHELLE.COLAS@PEPSIC.COM,STEPHEN.GOULD@PEPSICO.COM,,,,,,,,,,,,,,,,,,,,,,,,PEPSI
NO,RC121015E18,DOLLAR GENERAL # 9824,961 N ELLINGTON PKWY,,,,,LEWISBURG,TN,37091-2226,,,,02-42355,1,,12/11/2015,PREPAID AND ADD,,UPS,,,LONDON.NIELSON@PEPSICO.COM,RACHELLE.COLAS@PEPSIC.COM,STEPHEN.GOULD@PEPSICO.COM,,,,,,,,,,,,,,,,,,,,,,,,PEPSI
NO,RC121015E18,DOLLAR GENERAL # 9824,961 N ELLINGTON PKWY,,,,,LEWISBURG,TN,37091-2226,,,,02-42237,1,,12/11/2015,PREPAID AND ADD,,UPS,,,LONDON.NIELSON@PEPSICO.COM,RACHELLE.COLAS@PEPSIC.COM,STEPHEN.GOULD@PEPSICO.COM,,,,,,,,,,,,,,,,,,,,,,,,PEPSI
NO,RC121015E19,DOLLAR GENERAL # 9828,26119 MAIN ST,,,,,ARDMORE,TN,38449-3197,,,,02-42355,1,,12/11/2015,PREPAID AND ADD,,UPS,,,LONDON.NIELSON@PEPSICO.COM,RACHELLE.COLAS@PEPSIC.COM,STEPHEN.GOULD@PEPSICO.COM,,,,,,,,,,,,,,,,,,,,,,,,PEPSI
NO,RC121015E19,DOLLAR GENERAL # 9828,26119 MAIN ST,,,,,ARDMORE,TN,38449-3197,,,,02-42237,1,,12/11/2015,PREPAID AND ADD,,UPS,,,LONDON.NIELSON@PEPSICO.COM,RACHELLE.COLAS@PEPSIC.COM,STEPHEN.GOULD@PEPSICO.COM,,,,,,,,,,,,,,,,,,,,,,,,PEPSI
NO,RC121015E20,DOLLAR GENERAL # 12005,721 N MAIN ST,,,,,SHELBYVILLE,TN,37160-2827,,,,02-42355,1,,12/11/2015,PREPAID AND ADD,,UPS,,,LONDON.NIELSON@PEPSICO.COM,RACHELLE.COLAS@PEPSIC.COM,STEPHEN.GOULD@PEPSICO.COM,,,,,,,,,,,,,,,,,,,,,,,,PEPSI
NO,RC121015E20,DOLLAR GENERAL # 12005,721 N MAIN ST,,,,,SHELBYVILLE,TN,37160-2827,,,,02-42237,1,,12/11/2015,PREPAID AND ADD,,UPS,,,LONDON.NIELSON@PEPSICO.COM,RACHELLE.COLAS@PEPSIC.COM,STEPHEN.GOULD@PEPSICO.COM,,,,,,,,,,,,,,,,,,,,,,,,PEPSI
NO,RC121015E21,DOLLAR GENERAL # 12010,8466 OLD MADISON PIKE,,,,,MADISON,AL,35758-1123,,,,02-42355,1,,12/11/2015,PREPAID AND ADD,,UPS,,,LONDON.NIELSON@PEPSICO.COM,RACHELLE.COLAS@PEPSIC.COM,STEPHEN.GOULD@PEPSICO.COM,,,,,,,,,,,,,,,,,,,,,,,,PEPSI
NO,RC121015E21,DOLLAR GENERAL # 12010,8466 OLD MADISON PIKE,,,,,MADISON,AL,35758-1123,,,,02-42237,1,,12/11/2015,PREPAID AND ADD,,UPS,,,LONDON.NIELSON@PEPSICO.COM,RACHELLE.COLAS@PEPSIC.COM,STEPHEN.GOULD@PEPSICO.COM,,,,,,,,,,,,,,,,,,,,,,,,PEPSI
NO,RC121015E22,DOLLAR GENERAL # 13195,872 MAIN ST NE,,,,,HANCEVILLE,AL,35077,,,,02-42355,1,,12/11/2015,PREPAID AND ADD,,UPS,,,LONDON.NIELSON@PEPSICO.COM,RACHELLE.COLAS@PEPSIC.COM,STEPHEN.GOULD@PEPSICO.COM,,,,,,,,,,,,,,,,,,,,,,,,PEPSI
NO,RC121015E22,DOLLAR GENERAL # 13195,872 MAIN ST NE,,,,,HANCEVILLE,AL,35077,,,,02-42237,1,,12/11/2015,PREPAID AND ADD,,UPS,,,LONDON.NIELSON@PEPSICO.COM,RACHELLE.COLAS@PEPSIC.COM,STEPHEN.GOULD@PEPSICO.COM,,,,,,,,,,,,,,,,,,,,,,,,PEPSI
NO,RC121015E23,DOLLAR GENERAL # 13757,212 4TH AVE SW,,,,,RED BAY,AL,35582,,,,02-42355,1,,12/11/2015,PREPAID AND ADD,,UPS,,,LONDON.NIELSON@PEPSICO.COM,RACHELLE.COLAS@PEPSIC.COM,STEPHEN.GOULD@PEPSICO.COM,,,,,,,,,,,,,,,,,,,,,,,,PEPSI
NO,RC121015E23,DOLLAR GENERAL # 13757,212 4TH AVE SW,,,,,RED BAY,AL,35582,,,,02-42237,1,,12/11/2015,PREPAID AND ADD,,UPS,,,LONDON.NIELSON@PEPSICO.COM,RACHELLE.COLAS@PEPSIC.COM,STEPHEN.GOULD@PEPSICO.COM,,,,,,,,,,,,,,,,,,,,,,,,PEPSI
NO,RC121015E24,DOLLAR GENERAL # 13605,1229 W PEACE ST,,,,,CANTON,MS,39046-9037,,,,02-42355,1,,12/11/2015,PREPAID AND ADD,,UPS,,,LONDON.NIELSON@PEPSICO.COM,RACHELLE.COLAS@PEPSIC.COM,STEPHEN.GOULD@PEPSICO.COM,,,,,,,,,,,,,,,,,,,,,,,,PEPSI
NO,RC121015E24,DOLLAR GENERAL # 13605,1229 W PEACE ST,,,,,CANTON,MS,39046-9037,,,,02-42237,1,,12/11/2015,PREPAID AND ADD,,UPS,,,LONDON.NIELSON@PEPSICO.COM,RACHELLE.COLAS@PEPSIC.COM,STEPHEN.GOULD@PEPSICO.COM,,,,,,,,,,,,,,,,,,,,,,,,PEPSI
NO,RC121015E25,DOLLAR GENERAL # 14081,25054 HWY 51,,,,,CRYSTAL SPRINGS,MS,39059-9795,,,,02-42355,1,,12/11/2015,PREPAID AND ADD,,UPS,,,LONDON.NIELSON@PEPSICO.COM,RACHELLE.COLAS@PEPSIC.COM,STEPHEN.GOULD@PEPSICO.COM,,,,,,,,,,,,,,,,,,,,,,,,PEPSI
NO,RC121015E25,DOLLAR GENERAL # 14081,25054 HWY 51,,,,,CRYSTAL SPRINGS,MS,39059-9795,,,,02-42237,1,,12/11/2015,PREPAID AND ADD,,UPS,,,LONDON.NIELSON@PEPSICO.COM,RACHELLE.COLAS@PEPSIC.COM,STEPHEN.GOULD@PEPSICO.COM,,,,,,,,,,,,,,,,,,,,,,,,PEPSI
NO,RC121015E26,DOLLAR GENERAL # 9800,287 NEW SHACKLE ISLAND RD,,,,,HENDERSONVILLE,TN,37075-2363,,,,02-42355,1,,12/11/2015,PREPAID AND ADD,,UPS,,,LONDON.NIELSON@PEPSICO.COM,RACHELLE.COLAS@PEPSIC.COM,STEPHEN.GOULD@PEPSICO.COM,,,,,,,,,,,,,,,,,,,,,,,,PEPSI
NO,RC121015E26,DOLLAR GENERAL # 9800,287 NEW SHACKLE ISLAND RD,,,,,HENDERSONVILLE,TN,37075-2363,,,,02-42237,1,,12/11/2015,PREPAID AND ADD,,UPS,,,LONDON.NIELSON@PEPSICO.COM,RACHELLE.COLAS@PEPSIC.COM,STEPHEN.GOULD@PEPSICO.COM,,,,,,,,,,,,,,,,,,,,,,,,PEPSI
NO,RC121015E27,DOLLAR GENERAL # 9801,240 REN MAR DR,,,,,PLEASANT VIEW,TN,37146-9088,,,,02-42355,1,,12/11/2015,PREPAID AND ADD,,UPS,,,LONDON.NIELSON@PEPSICO.COM,RACHELLE.COLAS@PEPSIC.COM,STEPHEN.GOULD@PEPSICO.COM,,,,,,,,,,,,,,,,,,,,,,,,PEPSI
NO,RC121015E27,DOLLAR GENERAL # 9801,240 REN MAR DR,,,,,PLEASANT VIEW,TN,37146-9088,,,,02-42237,1,,12/11/2015,PREPAID AND ADD,,UPS,,,LONDON.NIELSON@PEPSICO.COM,RACHELLE.COLAS@PEPSIC.COM,STEPHEN.GOULD@PEPSICO.COM,,,,,,,,,,,,,,,,,,,,,,,,PEPSI
NO,RC121015E28,DOLLAR GENERAL # 9802,5445 NOLENSVILLE RD,,,,,NASHVILLE,TN,37211-6417,,,,02-42355,1,,12/11/2015,PREPAID AND ADD,,UPS,,,LONDON.NIELSON@PEPSICO.COM,RACHELLE.COLAS@PEPSIC.COM,STEPHEN.GOULD@PEPSICO.COM,,,,,,,,,,,,,,,,,,,,,,,,PEPSI
NO,RC121015E28,DOLLAR GENERAL # 9802,5445 NOLENSVILLE RD,,,,,NASHVILLE,TN,37211-6417,,,,02-42237,1,,12/11/2015,PREPAID AND ADD,,UPS,,,LONDON.NIELSON@PEPSICO.COM,RACHELLE.COLAS@PEPSIC.COM,STEPHEN.GOULD@PEPSICO.COM,,,,,,,,,,,,,,,,,,,,,,,,PEPSI
NO,RC121015E29,DOLLAR GENERAL # 9803,111 ARMORY DR,,,,,RUSSELLVILLE,KY,42276-1610,,,,02-42355,1,,12/11/2015,PREPAID AND ADD,,UPS,,,LONDON.NIELSON@PEPSICO.COM,RACHELLE.COLAS@PEPSIC.COM,STEPHEN.GOULD@PEPSICO.COM,,,,,,,,,,,,,,,,,,,,,,,,PEPSI
NO,RC121015E29,DOLLAR GENERAL # 9803,111 ARMORY DR,,,,,RUSSELLVILLE,KY,42276-1610,,,,02-42237,1,,12/11/2015,PREPAID AND ADD,,UPS,,,LONDON.NIELSON@PEPSICO.COM,RACHELLE.COLAS@PEPSIC.COM,STEPHEN.GOULD@PEPSICO.COM,,,,,,,,,,,,,,,,,,,,,,,,PEPSI
NO,RC121015E30,DOLLAR GENERAL # 9805,1945 MADISON ST STE B,,,,,CLARKSVILLE,TN,37043-8034,,,,02-42355,1,,12/11/2015,PREPAID AND ADD,,UPS,,,LONDON.NIELSON@PEPSICO.COM,RACHELLE.COLAS@PEPSIC.COM,STEPHEN.GOULD@PEPSICO.COM,,,,,,,,,,,,,,,,,,,,,,,,PEPSI
NO,RC121015E30,DOLLAR GENERAL # 9805,1945 MADISON ST STE B,,,,,CLARKSVILLE,TN,37043-8034,,,,02-42237,1,,12/11/2015,PREPAID AND ADD,,UPS,,,LONDON.NIELSON@PEPSICO.COM,RACHELLE.COLAS@PEPSIC.COM,STEPHEN.GOULD@PEPSICO.COM,,,,,,,,,,,,,,,,,,,,,,,,PEPSI
NO,RC121015E31,DOLLAR GENERAL # 9806,40 BURNLEY RD,,,,,SCOTTSVILLE,KY,42164-6357,,,,02-42355,1,,12/11/2015,PREPAID AND ADD,,UPS,,,LONDON.NIELSON@PEPSICO.COM,RACHELLE.COLAS@PEPSIC.COM,STEPHEN.GOULD@PEPSICO.COM,,,,,,,,,,,,,,,,,,,,,,,,PEPSI
NO,RC121015E31,DOLLAR GENERAL # 9806,40 BURNLEY RD,,,,,SCOTTSVILLE,KY,42164-6357,,,,02-42237,1,,12/11/2015,PREPAID AND ADD,,UPS,,,LONDON.NIELSON@PEPSICO.COM,RACHELLE.COLAS@PEPSIC.COM,STEPHEN.GOULD@PEPSICO.COM,,,,,,,,,,,,,,,,,,,,,,,,PEPSI
NO,RC121015E32,DOLLAR GENERAL # 9810,845 S MAIN ST,,,,,FRANKLIN,KY,42134-2346,,,,02-42355,1,,12/11/2015,PREPAID AND ADD,,UPS,,,LONDON.NIELSON@PEPSICO.COM,RACHELLE.COLAS@PEPSIC.COM,STEPHEN.GOULD@PEPSICO.COM,,,,,,,,,,,,,,,,,,,,,,,,PEPSI
NO,RC121015E32,DOLLAR GENERAL # 9810,845 S MAIN ST,,,,,FRANKLIN,KY,42134-2346,,,,02-42237,1,,12/11/2015,PREPAID AND ADD,,UPS,,,LONDON.NIELSON@PEPSICO.COM,RACHELLE.COLAS@PEPSIC.COM,STEPHEN.GOULD@PEPSICO.COM,,,,,,,,,,,,,,,,,,,,,,,,PEPSI
NO,RC121015E33,DOLLAR GENERAL # 9811,180 RIVER PLACE AVE,,,,,BOWLING GREEN,KY,42101-7128,,,,02-42355,1,,12/11/2015,PREPAID AND ADD,,UPS,,,LONDON.NIELSON@PEPSICO.COM,RACHELLE.COLAS@PEPSIC.COM,STEPHEN.GOULD@PEPSICO.COM,,,,,,,,,,,,,,,,,,,,,,,,PEPSI
NO,RC121015E33,DOLLAR GENERAL # 9811,180 RIVER PLACE AVE,,,,,BOWLING GREEN,KY,42101-7128,,,,02-42237,1,,12/11/2015,PREPAID AND ADD,,UPS,,,LONDON.NIELSON@PEPSICO.COM,RACHELLE.COLAS@PEPSIC.COM,STEPHEN.GOULD@PEPSICO.COM,,,,,,,,,,,,,,,,,,,,,,,,PEPSI
NO,RC121015E34,DOLLAR GENERAL # 9816,1003 W MAIN ST,,,,,WOODBURY,TN,37190-1040,,,,02-42355,1,,12/11/2015,PREPAID AND ADD,,UPS,,,LONDON.NIELSON@PEPSICO.COM,RACHELLE.COLAS@PEPSIC.COM,STEPHEN.GOULD@PEPSICO.COM,,,,,,,,,,,,,,,,,,,,,,,,PEPSI
NO,RC121015E34,DOLLAR GENERAL # 9816,1003 W MAIN ST,,,,,WOODBURY,TX,37190-1040,,,,02-42237,1,,12/11/2015,PREPAID AND ADD,,UPS,,,LONDON.NIELSON@PEPSICO.COM,RACHELLE.COLAS@PEPSIC.COM,STEPHEN.GOULD@PEPSICO.COM,,,,,,,,,,,,,,,,,,,,,,,PEPTX,PEPSI
NO,RC121015E35,DOLLAR GENERAL # 9818,1447 W MAIN ST,,,,,LEBANON,TN,37087-3113,,,,02-42355,1,,12/11/2015,PREPAID AND ADD,,UPS,,,LONDON.NIELSON@PEPSICO.COM,RACHELLE.COLAS@PEPSIC.COM,STEPHEN.GOULD@PEPSICO.COM,,,,,,,,,,,,,,,,,,,,,,,,PEPSI
NO,RC121015E35,DOLLAR GENERAL # 9818,1447 W MAIN ST,,,,,LEBANON,TN,37087-3113,,,,02-42237,1,,12/11/2015,PREPAID AND ADD,,UPS,,,LONDON.NIELSON@PEPSICO.COM,RACHELLE.COLAS@PEPSIC.COM,STEPHEN.GOULD@PEPSICO.COM,,,,,,,,,,,,,,,,,,,,,,,,PEPSI
NO,RC121015E36,DOLLAR GENERAL # 9821,301 E THOMPSON LN,,,,,NASHVILLE,TN,37211-2615,,,,02-42355,1,,12/11/2015,PREPAID AND ADD,,UPS,,,LONDON.NIELSON@PEPSICO.COM,RACHELLE.COLAS@PEPSIC.COM,STEPHEN.GOULD@PEPSICO.COM,,,,,,,,,,,,,,,,,,,,,,,,PEPSI
NO,RC121015E36,DOLLAR GENERAL # 9821,301 E THOMPSON LN,,,,,NASHVILLE,TN,37211-2615,,,,02-42237,1,,12/11/2015,PREPAID AND ADD,,UPS,,,LONDON.NIELSON@PEPSICO.COM,RACHELLE.COLAS@PEPSIC.COM,STEPHEN.GOULD@PEPSICO.COM,,,,,,,,,,,,,,,,,,,,,,,,PEPSI
NO,RC121015E37,DOLLAR GENERAL # 9822,4491 LEBANON PIKE,,,,,HERMITAGE,TN,37076-1311,,,,02-42355,1,,12/11/2015,PREPAID AND ADD,,UPS,,,LONDON.NIELSON@PEPSICO.COM,RACHELLE.COLAS@PEPSIC.COM,STEPHEN.GOULD@PEPSICO.COM,,,,,,,,,,,,,,,,,,,,,,,,PEPSI
NO,RC121015E37,DOLLAR GENERAL # 9822,4491 LEBANON PIKE,,,,,HERMITAGE,TN,37076-1311,,,,02-42237,1,,12/11/2015,PREPAID AND ADD,,UPS,,,LONDON.NIELSON@PEPSICO.COM,RACHELLE.COLAS@PEPSIC.COM,STEPHEN.GOULD@PEPSICO.COM,,,,,,,,,,,,,,,,,,,,,,,,PEPSI
NO,RC121015E38,DOLLAR GENERAL # 12006,2907 HIGHWAY 31 W,,,,,WHITE HOUSE,TN,37188-5227,,,,02-42355,1,,12/11/2015,PREPAID AND ADD,,UPS,,,LONDON.NIELSON@PEPSICO.COM,RACHELLE.COLAS@PEPSIC.COM,STEPHEN.GOULD@PEPSICO.COM,,,,,,,,,,,,,,,,,,,,,,,,PEPSI
NO,RC121015E38,DOLLAR GENERAL # 12006,2907 HIGHWAY 31 W,,,,,WHITE HOUSE,TN,37188-5227,,,,02-42237,1,,12/11/2015,PREPAID AND ADD,,UPS,,,LONDON.NIELSON@PEPSICO.COM,RACHELLE.COLAS@PEPSIC.COM,STEPHEN.GOULD@PEPSICO.COM,,,,,,,,,,,,,,,,,,,,,,,,PEPSI
NO,RC121015E39,DOLLAR GENERAL # 13126,2001 ST. BERNARD,,,,,NEW ORLEANS,LA,70116-1318,,,,02-42355,1,,12/11/2015,PREPAID AND ADD,,UPS,,,LONDON.NIELSON@PEPSICO.COM,RACHELLE.COLAS@PEPSIC.COM,STEPHEN.GOULD@PEPSICO.COM,,,,,,,,,,,,,,,,,,,,,,,,PEPSI
NO,RC121015E39,DOLLAR GENERAL # 13126,2001 ST. BERNARD,,,,,NEW ORLEANS,LA,70116-1318,,,,02-42237,1,,12/11/2015,PREPAID AND ADD,,UPS,,,LONDON.NIELSON@PEPSICO.COM,RACHELLE.COLAS@PEPSIC.COM,STEPHEN.GOULD@PEPSICO.COM,,,,,,,,,,,,,,,,,,,,,,,,PEPSI
NO,RC121015E40,DOLLAR GENERAL # 14917,78258 HWY 437,,,,,COVINGTON,LA,70435-0405,,,,02-42355,1,,12/11/2015,PREPAID AND ADD,,UPS,,,LONDON.NIELSON@PEPSICO.COM,RACHELLE.COLAS@PEPSIC.COM,STEPHEN.GOULD@PEPSICO.COM,,,,,,,,,,,,,,,,,,,,,,,,PEPSI
NO,RC121015E40,DOLLAR GENERAL # 14917,78258 HWY 437,,,,,COVINGTON,LA,70435-0405,,,,02-42237,1,,12/11/2015,PREPAID AND ADD,,UPS,,,LONDON.NIELSON@PEPSICO.COM,RACHELLE.COLAS@PEPSIC.COM,STEPHEN.GOULD@PEPSICO.COM,,,,,,,,,,,,,,,,,,,,,,,,PEPSI
NO,RC121015E41,DOLLAR GENERAL # 13154,550 WEST HWY 98 AVE D,,,,,PORT SAINT JOE,FL,32456-5100,,,,02-42355,1,,12/11/2015,PREPAID AND ADD,,UPS,,,LONDON.NIELSON@PEPSICO.COM,RACHELLE.COLAS@PEPSIC.COM,STEPHEN.GOULD@PEPSICO.COM,,,,,,,,,,,,,,,,,,,,,,,,PEPSI
NO,RC121015E41,DOLLAR GENERAL # 13154,550 WEST HWY 98 AVE D,,,,,PORT SAINT JOE,FL,32456-5100,,,,02-42237,1,,12/11/2015,PREPAID AND ADD,,UPS,,,LONDON.NIELSON@PEPSICO.COM,RACHELLE.COLAS@PEPSIC.COM,STEPHEN.GOULD@PEPSICO.COM,,,,,,,,,,,,,,,,,,,,,,,,PEPSI
NO,RC121015E42,DOLLAR GENERAL # 13186,140 NORTH KELLY ROAD,,,,,SLOCOMB,AL,36375-5497,,,,02-42355,1,,12/11/2015,PREPAID AND ADD,,UPS,,,LONDON.NIELSON@PEPSICO.COM,RACHELLE.COLAS@PEPSIC.COM,STEPHEN.GOULD@PEPSICO.COM,,,,,,,,,,,,,,,,,,,,,,,,PEPSI
NO,RC121015E42,DOLLAR GENERAL # 13186,140 NORTH KELLY ROAD,,,,,SLOCOMB,AL,36375-5497,,,,02-42237,1,,12/11/2015,PREPAID AND ADD,,UPS,,,LONDON.NIELSON@PEPSICO.COM,RACHELLE.COLAS@PEPSIC.COM,STEPHEN.GOULD@PEPSICO.COM,,,,,,,,,,,,,,,,,,,,,,,,PEPSI
NO,RC121015E43,DOLLAR GENERAL # 12020,1065 READING RD # US42,,,,,MASON,OH,45040-1306,,,,02-42355,1,,12/11/2015,PREPAID AND ADD,,UPS,,,LONDON.NIELSON@PEPSICO.COM,RACHELLE.COLAS@PEPSIC.COM,STEPHEN.GOULD@PEPSICO.COM,,,,,,,,,,,,,,,,,,,,,,,,PEPSI
NO,RC121015E43,DOLLAR GENERAL # 12020,1065 READING RD # US42,,,,,MASON,OH,45040-1306,,,,02-42237,1,,12/11/2015,PREPAID AND ADD,,UPS,,,LONDON.NIELSON@PEPSICO.COM,RACHELLE.COLAS@PEPSIC.COM,STEPHEN.GOULD@PEPSICO.COM,,,,,,,,,,,,,,,,,,,,,,,,PEPSI
NO,RC121015E44,DOLLAR GENERAL # 13516,79 RIDGEWAY AVE,,,,,FALMOUTH,KY,41040-8532,,,,02-42355,1,,12/11/2015,PREPAID AND ADD,,UPS,,,LONDON.NIELSON@PEPSICO.COM,RACHELLE.COLAS@PEPSIC.COM,STEPHEN.GOULD@PEPSICO.COM,,,,,,,,,,,,,,,,,,,,,,,,PEPSI
NO,RC121015E44,DOLLAR GENERAL # 13516,79 RIDGEWAY AVE,,,,,FALMOUTH,KY,41040-8532,,,,02-42237,1,,12/11/2015,PREPAID AND ADD,,UPS,,,LONDON.NIELSON@PEPSICO.COM,RACHELLE.COLAS@PEPSIC.COM,STEPHEN.GOULD@PEPSICO.COM,,,,,,,,,,,,,,,,,,,,,,,,PEPSI
NO,RC121015E45,DOLLAR GENERAL # 12022,1733 PEARL RD STE 16,,,,,BRUNSWICK,OH,44212-3400,,,,02-42355,1,,12/11/2015,PREPAID AND ADD,,UPS,,,LONDON.NIELSON@PEPSICO.COM,RACHELLE.COLAS@PEPSIC.COM,STEPHEN.GOULD@PEPSICO.COM,,,,,,,,,,,,,,,,,,,,,,,,PEPSI
NO,RC121015E45,DOLLAR GENERAL # 12022,1733 PEARL RD STE 16,,,,,BRUNSWICK,OH,44212-3400,,,,02-42237,1,,12/11/2015,PREPAID AND ADD,,UPS,,,LONDON.NIELSON@PEPSICO.COM,RACHELLE.COLAS@PEPSIC.COM,STEPHEN.GOULD@PEPSICO.COM,,,,,,,,,,,,,,,,,,,,,,,,PEPSI
NO,RC121015E46,DOLLAR GENERAL # 12024,1193 PARK AVE W,,,,,MANSFIELD,OH,44906-2855,,,,02-42355,1,,12/11/2015,PREPAID AND ADD,,UPS,,,LONDON.NIELSON@PEPSICO.COM,RACHELLE.COLAS@PEPSIC.COM,STEPHEN.GOULD@PEPSICO.COM,,,,,,,,,,,,,,,,,,,,,,,,PEPSI
NO,RC121015E46,DOLLAR GENERAL # 12024,1193 PARK AVE W,,,,,MANSFIELD,OH,44906-2855,,,,02-42237,1,,12/11/2015,PREPAID AND ADD,,UPS,,,LONDON.NIELSON@PEPSICO.COM,RACHELLE.COLAS@PEPSIC.COM,STEPHEN.GOULD@PEPSICO.COM,,,,,,,,,,,,,,,,,,,,,,,,PEPSI
NO,RC121015E47,DOLLAR GENERAL # 12011,RR 3 BOX 500B,,,,,WELLSBURG,WV,26070-9775,,,,02-42355,1,,12/11/2015,PREPAID AND ADD,,UPS,,,LONDON.NIELSON@PEPSICO.COM,RACHELLE.COLAS@PEPSIC.COM,STEPHEN.GOULD@PEPSICO.COM,,,,,,,,,,,,,,,,,,,,,,,,PEPSI
NO,RC121015E47,DOLLAR GENERAL # 12011,RR 3 BOX 500B,,,,,WELLSBURG,WV,26070-9775,,,,02-42237,1,,12/11/2015,PREPAID AND ADD,,UPS,,,LONDON.NIELSON@PEPSICO.COM,RACHELLE.COLAS@PEPSIC.COM,STEPHEN.GOULD@PEPSICO.COM,,,,,,,,,,,,,,,,,,,,,,,,PEPSI
NO,RC121015E48,DOLLAR GENERAL # 12012,1305 CANTON RD NW,,,,,CARROLLTON,OH,44615-8406,,,,02-42355,1,,12/11/2015,PREPAID AND ADD,,UPS,,,LONDON.NIELSON@PEPSICO.COM,RACHELLE.COLAS@PEPSIC.COM,STEPHEN.GOULD@PEPSICO.COM,,,,,,,,,,,,,,,,,,,,,,,,PEPSI
NO,RC121015E48,DOLLAR GENERAL # 12012,1305 CANTON RD NW,,,,,CARROLLTON,OH,44615-8406,,,,02-42237,1,,12/11/2015,PREPAID AND ADD,,UPS,,,LONDON.NIELSON@PEPSICO.COM,RACHELLE.COLAS@PEPSIC.COM,STEPHEN.GOULD@PEPSICO.COM,,,,,,,,,,,,,,,,,,,,,,,,PEPSI
NO,RC121015E49,DOLLAR GENERAL # 12021,237 E MCCAULEY DR,,,,,UHRICHSVILLE,OH,44683-1147,,,,02-42355,1,,12/11/2015,PREPAID AND ADD,,UPS,,,LONDON.NIELSON@PEPSICO.COM,RACHELLE.COLAS@PEPSIC.COM,STEPHEN.GOULD@PEPSICO.COM,,,,,,,,,,,,,,,,,,,,,,,,PEPSI
NO,RC121015E49,DOLLAR GENERAL # 12021,237 E MCCAULEY DR,,,,,UHRICHSVILLE,OH,44683-1147,,,,02-42237,1,,12/11/2015,PREPAID AND ADD,,UPS,,,LONDON.NIELSON@PEPSICO.COM,RACHELLE.COLAS@PEPSIC.COM,STEPHEN.GOULD@PEPSICO.COM,,,,,,,,,,,,,,,,,,,,,,,,PEPSI
NO,RC121015E50,DOLLAR GENERAL # 13921,5120 YOUNGSTOWN WARREN ROAD,,,,,NILES,OH,44446-4902,,,,02-42355,1,,12/11/2015,PREPAID AND ADD,,UPS,,,LONDON.NIELSON@PEPSICO.COM,RACHELLE.COLAS@PEPSIC.COM,STEPHEN.GOULD@PEPSICO.COM,,,,,,,,,,,,,,,,,,,,,,,,PEPSI
NO,RC121015E50,DOLLAR GENERAL # 13921,5120 YOUNGSTOWN WARREN ROAD,,,,,NILES,OH,44446-4902,,,,02-42237,1,,12/11/2015,PREPAID AND ADD,,UPS,,,LONDON.NIELSON@PEPSICO.COM,RACHELLE.COLAS@PEPSIC.COM,STEPHEN.GOULD@PEPSICO.COM,,,,,,,,,,,,,,,,,,,,,,,,PEPSI
NO,RC121015E51,DOLLAR GENERAL # 13439,2850 BATTLEFIELD PARKWAY,,,,,RESACA,GA,30735-6082,,,,02-42355,1,,12/11/2015,PREPAID AND ADD,,UPS,,,LONDON.NIELSON@PEPSICO.COM,RACHELLE.COLAS@PEPSIC.COM,STEPHEN.GOULD@PEPSICO.COM,,,,,,,,,,,,,,,,,,,,,,,PEPGA,PEPSI
NO,RC121015E51,DOLLAR GENERAL # 13439,2850 BATTLEFIELD PARKWAY,,,,,RESACA,GA,30735-6082,,,,02-42237,1,,12/11/2015,PREPAID AND ADD,,UPS,,,LONDON.NIELSON@PEPSICO.COM,RACHELLE.COLAS@PEPSIC.COM,STEPHEN.GOULD@PEPSICO.COM,,,,,,,,,,,,,,,,,,,,,,,PEPGA,PEPSI
NO,RC121015E52,DOLLAR GENERAL # 13517,2411 JEFFERSON RD STE B,,,,,ATHENS,GA,30607-1202,,,,02-42355,1,,12/11/2015,PREPAID AND ADD,,UPS,,,LONDON.NIELSON@PEPSICO.COM,RACHELLE.COLAS@PEPSIC.COM,STEPHEN.GOULD@PEPSICO.COM,,,,,,,,,,,,,,,,,,,,,,,PEPGA,PEPSI
NO,RC121015E52,DOLLAR GENERAL # 13517,2411 JEFFERSON RD STE B,,,,,ATHENS,GA,30607-1202,,,,02-42237,1,,12/11/2015,PREPAID AND ADD,,UPS,,,LONDON.NIELSON@PEPSICO.COM,RACHELLE.COLAS@PEPSIC.COM,STEPHEN.GOULD@PEPSICO.COM,,,,,,,,,,,,,,,,,,,,,,,PEPGA,PEPSI
NO,RC121015E53,DOLLAR GENERAL # 13877,1895 ATLANTA HWY SE,,,,,STATHAM,GA,30666,,,,02-42355,1,,12/11/2015,PREPAID AND ADD,,UPS,,,LONDON.NIELSON@PEPSICO.COM,RACHELLE.COLAS@PEPSIC.COM,STEPHEN.GOULD@PEPSICO.COM,,,,,,,,,,,,,,,,,,,,,,,PEPGA,PEPSI
NO,RC121015E53,DOLLAR GENERAL # 13877,1895 ATLANTA HWY SE,,,,,STATHAM,GA,30666,,,,02-42237,1,,12/11/2015,PREPAID AND ADD,,UPS,,,LONDON.NIELSON@PEPSICO.COM,RACHELLE.COLAS@PEPSIC.COM,STEPHEN.GOULD@PEPSICO.COM,,,,,,,,,,,,,,,,,,,,,,,PEPGA,PEPSI
NO,RC121015E54,DOLLAR GENERAL # 9830,1164 N MAIN ST,,,,,CEDARTOWN,GA,30125-2039,,,,02-42355,1,,12/11/2015,PREPAID AND ADD,,UPS,,,LONDON.NIELSON@PEPSICO.COM,RACHELLE.COLAS@PEPSIC.COM,STEPHEN.GOULD@PEPSICO.COM,,,,,,,,,,,,,,,,,,,,,,,PEPGA,PEPSI
NO,RC121015E54,DOLLAR GENERAL # 9830,1164 N MAIN ST,,,,,CEDARTOWN,GA,30125-2039,,,,02-42237,1,,12/11/2015,PREPAID AND ADD,,UPS,,,LONDON.NIELSON@PEPSICO.COM,RACHELLE.COLAS@PEPSIC.COM,STEPHEN.GOULD@PEPSICO.COM,,,,,,,,,,,,,,,,,,,,,,,PEPGA,PEPSI
NO,RC121015E55,DOLLAR GENERAL # 9814,1370 GRAY HWY,,,,,MACON,GA,31211-1949,,,,02-42355,1,,12/11/2015,PREPAID AND ADD,,UPS,,,LONDON.NIELSON@PEPSICO.COM,RACHELLE.COLAS@PEPSIC.COM,STEPHEN.GOULD@PEPSICO.COM,,,,,,,,,,,,,,,,,,,,,,,PEPGA,PEPSI
NO,RC121015E55,DOLLAR GENERAL # 9814,1370 GRAY HWY,,,,,MACON,GA,31211-1949,,,,02-42237,1,,12/11/2015,PREPAID AND ADD,,UPS,,,LONDON.NIELSON@PEPSICO.COM,RACHELLE.COLAS@PEPSIC.COM,STEPHEN.GOULD@PEPSICO.COM,,,,,,,,,,,,,,,,,,,,,,,PEPGA,PEPSI
NO,RC121015E56,DOLLAR GENERAL # 12018,1313 W 3RD ST,,,,,JACKSON,GA,30233-1853,,,,02-42355,1,,12/11/2015,PREPAID AND ADD,,UPS,,,LONDON.NIELSON@PEPSICO.COM,RACHELLE.COLAS@PEPSIC.COM,STEPHEN.GOULD@PEPSICO.COM,,,,,,,,,,,,,,,,,,,,,,,PEPGA,PEPSI
NO,RC121015E56,DOLLAR GENERAL # 12018,1313 W 3RD ST,,,,,JACKSON,GA,30233-1853,,,,02-42237,1,,12/11/2015,PREPAID AND ADD,,UPS,,,LONDON.NIELSON@PEPSICO.COM,RACHELLE.COLAS@PEPSIC.COM,STEPHEN.GOULD@PEPSICO.COM,,,,,,,,,,,,,,,,,,,,,,,PEPGA,PEPSI
NO,RC121015E57,DOLLAR GENERAL # 13392,280 E DYKES ST,,,,,COCHRAN,GA,31014-6522,,,,02-42355,1,,12/11/2015,PREPAID AND ADD,,UPS,,,LONDON.NIELSON@PEPSICO.COM,RACHELLE.COLAS@PEPSIC.COM,STEPHEN.GOULD@PEPSICO.COM,,,,,,,,,,,,,,,,,,,,,,,PEPGA,PEPSI
NO,RC121015E57,DOLLAR GENERAL # 13392,280 E DYKES ST,,,,,COCHRAN,GA,31014-6522,,,,02-42237,1,,12/11/2015,PREPAID AND ADD,,UPS,,,LONDON.NIELSON@PEPSICO.COM,RACHELLE.COLAS@PEPSIC.COM,STEPHEN.GOULD@PEPSICO.COM,,,,,,,,,,,,,,,,,,,,,,,PEPGA,PEPSI
NO,RC121015E58,DOLLAR GENERAL # 13513,1211 EAST UNION ST,,,,,VIENNA,GA,31092-7546,,,,02-42355,1,,12/11/2015,PREPAID AND ADD,,UPS,,,LONDON.NIELSON@PEPSICO.COM,RACHELLE.COLAS@PEPSIC.COM,STEPHEN.GOULD@PEPSICO.COM,,,,,,,,,,,,,,,,,,,,,,,PEPGA,PEPSI
NO,RC121015E58,DOLLAR GENERAL # 13513,1211 EAST UNION ST,,,,,VIENNA,GA,31092-7546,,,,02-42237,1,,12/11/2015,PREPAID AND ADD,,UPS,,,LONDON.NIELSON@PEPSICO.COM,RACHELLE.COLAS@PEPSIC.COM,STEPHEN.GOULD@PEPSICO.COM,,,,,,,,,,,,,,,,,,,,,,,PEPGA,PEPSI
NO,RC121015E59,DOLLAR GENERAL # 13604,100 NORTH CAMELIA BLVD,,,,,FORT VALLEY,GA,31030-3078,,,,02-42355,1,,12/11/2015,PREPAID AND ADD,,UPS,,,LONDON.NIELSON@PEPSICO.COM,RACHELLE.COLAS@PEPSIC.COM,STEPHEN.GOULD@PEPSICO.COM,,,,,,,,,,,,,,,,,,,,,,,,PEPSI
NO,RC121015E59,DOLLAR GENERAL # 13604,100 NORTH CAMELIA BLVD,,,,,FORT VALLEY,GA,31030-3078,,,,02-42237,1,,12/11/2015,PREPAID AND ADD,,UPS,,,LONDON.NIELSON@PEPSICO.COM,RACHELLE.COLAS@PEPSIC.COM,STEPHEN.GOULD@PEPSICO.COM,,,,,,,,,,,,,,,,,,,,,,,,PEPSI
NO,RC121015E60,DOLLAR GENERAL # 13929,509 E MCPHERSON AVE,,,,,NASHVILLE,GA,31639-2254,,,,02-42355,1,,12/11/2015,PREPAID AND ADD,,UPS,,,LONDON.NIELSON@PEPSICO.COM,RACHELLE.COLAS@PEPSIC.COM,STEPHEN.GOULD@PEPSICO.COM,,,,,,,,,,,,,,,,,,,,,,,,PEPSI
NO,RC121015E60,DOLLAR GENERAL # 13929,509 E MCPHERSON AVE,,,,,NASHVILLE,GA,31639-2254,,,,02-42237,1,,12/11/2015,PREPAID AND ADD,,UPS,,,LONDON.NIELSON@PEPSICO.COM,RACHELLE.COLAS@PEPSIC.COM,STEPHEN.GOULD@PEPSICO.COM,,,,,,,,,,,,,,,,,,,,,,,,PEPSI
NO,RC121015E61,DOLLAR GENERAL # 14022,160 NORTH STATE STREET,,,,,LYONS,GA,30436,,,,02-42355,1,,12/11/2015,PREPAID AND ADD,,UPS,,,LONDON.NIELSON@PEPSICO.COM,RACHELLE.COLAS@PEPSIC.COM,STEPHEN.GOULD@PEPSICO.COM,,,,,,,,,,,,,,,,,,,,,,,,PEPSI
NO,RC121015E61,DOLLAR GENERAL # 14022,160 NORTH STATE STREET,,,,,LYONS,GA,30436,,,,02-42237,1,,12/11/2015,PREPAID AND ADD,,UPS,,,LONDON.NIELSON@PEPSICO.COM,RACHELLE.COLAS@PEPSIC.COM,STEPHEN.GOULD@PEPSICO.COM,,,,,,,,,,,,,,,,,,,,,,,,PEPSI
NO,RC121015E62,DOLLAR GENERAL # 12013,916 B VIRGINIA AVENUE P O BOX 1676,,,,,CLARKSVILLE,VA,23927-1676,,,,02-42355,1,,12/11/2015,PREPAID AND ADD,,UPS,,,LONDON.NIELSON@PEPSICO.COM,RACHELLE.COLAS@PEPSIC.COM,STEPHEN.GOULD@PEPSICO.COM,,,,,,,,,,,,,,,,,,,,,,,,PEPSI
NO,RC121015E62,DOLLAR GENERAL # 12013,916 B VIRGINIA AVENUE P O BOX 1676,,,,,CLARKSVILLE,VA,23927-1676,,,,02-42237,1,,12/11/2015,PREPAID AND ADD,,UPS,,,LONDON.NIELSON@PEPSICO.COM,RACHELLE.COLAS@PEPSIC.COM,STEPHEN.GOULD@PEPSICO.COM,,,,,,,,,,,,,,,,,,,,,,,,PEPSI
NO,RC121015E63,DOLLAR GENERAL # 14906,2001 PINEY FOREST RD.,,,,,DANVILLE,VA,24540,,,,02-42355,1,,12/11/2015,PREPAID AND ADD,,UPS,,,LONDON.NIELSON@PEPSICO.COM,RACHELLE.COLAS@PEPSIC.COM,STEPHEN.GOULD@PEPSICO.COM,,,,,,,,,,,,,,,,,,,,,,,,PEPSI
NO,RC121015E63,DOLLAR GENERAL # 14906,2001 PINEY FOREST RD.,,,,,DANVILLE,VA,24540,,,,02-42237,1,,12/11/2015,PREPAID AND ADD,,UPS,,,LONDON.NIELSON@PEPSICO.COM,RACHELLE.COLAS@PEPSIC.COM,STEPHEN.GOULD@PEPSICO.COM,,,,,,,,,,,,,,,,,,,,,,,,PEPSI
NO,RC121015E64,DOLLAR GENERAL # 13226,2900 NILES STREET,,,,,BAKERSFIELD,CA,93306-4247,,,,02-42355,1,,12/11/2015,PREPAID AND ADD,,UPS,,,LONDON.NIELSON@PEPSICO.COM,RACHELLE.COLAS@PEPSIC.COM,STEPHEN.GOULD@PEPSICO.COM,,,,,,,,,,,,,,,,,,,,,,,,PEPSI
NO,RC121015E64,DOLLAR GENERAL # 13226,2900 NILES STREET,,,,,BAKERSFIELD,CA,93306-4247,,,,02-42237,1,,12/11/2015,PREPAID AND ADD,,UPS,,,LONDON.NIELSON@PEPSICO.COM,RACHELLE.COLAS@PEPSIC.COM,STEPHEN.GOULD@PEPSICO.COM,,,,,,,,,,,,,,,,,,,,,,,,PEPSI
NO,RC121015E65,DOLLAR GENERAL # 12016,3430 TAYLOR BLVD,,,,,LOUISVILLE,KY,40215-2648,,,,02-42355,1,,12/11/2015,PREPAID AND ADD,,UPS,,,LONDON.NIELSON@PEPSICO.COM,RACHELLE.COLAS@PEPSIC.COM,STEPHEN.GOULD@PEPSICO.COM,,,,,,,,,,,,,,,,,,,,,,,,PEPSI
NO,RC121015E65,DOLLAR GENERAL # 12016,3430 TAYLOR BLVD,,,,,LOUISVILLE,KY,40215-2648,,,,02-42237,1,,12/11/2015,PREPAID AND ADD,,UPS,,,LONDON.NIELSON@PEPSICO.COM,RACHELLE.COLAS@PEPSIC.COM,STEPHEN.GOULD@PEPSICO.COM,,,,,,,,,,,,,,,,,,,,,,,,PEPSI
NO,RC121015E66,DOLLAR GENERAL # 13176,100 COMMERCE ST,,,,,BRONSON,FL,32621-6704,,,,02-42355,1,,12/11/2015,PREPAID AND ADD,,UPS,,,LONDON.NIELSON@PEPSICO.COM,RACHELLE.COLAS@PEPSIC.COM,STEPHEN.GOULD@PEPSICO.COM,,,,,,,,,,,,,,,,,,,,,,,,PEPSI
NO,RC121015E66,DOLLAR GENERAL # 13176,100 COMMERCE ST,,,,,BRONSON,FL,32621-6704,,,,02-42237,1,,12/11/2015,PREPAID AND ADD,,UPS,,,LONDON.NIELSON@PEPSICO.COM,RACHELLE.COLAS@PEPSIC.COM,STEPHEN.GOULD@PEPSICO.COM,,,,,,,,,,,,,,,,,,,,,,,,PEPSI
NO,RC121015E67,DOLLAR GENERAL # 13296,125 CARTER BLVD.,,,,,POLK CITY,FL,33868-9038,,,,02-42355,1,,12/11/2015,PREPAID AND ADD,,UPS,,,LONDON.NIELSON@PEPSICO.COM,RACHELLE.COLAS@PEPSIC.COM,STEPHEN.GOULD@PEPSICO.COM,,,,,,,,,,,,,,,,,,,,,,,,PEPSI
NO,RC121015E67,DOLLAR GENERAL # 13296,125 CARTER BLVD.,,,,,POLK CITY,FL,33868-9038,,,,02-42237,1,,12/11/2015,PREPAID AND ADD,,UPS,,,LONDON.NIELSON@PEPSICO.COM,RACHELLE.COLAS@PEPSIC.COM,STEPHEN.GOULD@PEPSICO.COM,,,,,,,,,,,,,,,,,,,,,,,,PEPSI
NO,RC121015E68,DOLLAR GENERAL # 13377,514 US  HWY 27,,,,,BRANFORD,FL,32008-2765,,,,02-42355,1,,12/11/2015,PREPAID AND ADD,,UPS,,,LONDON.NIELSON@PEPSICO.COM,RACHELLE.COLAS@PEPSIC.COM,STEPHEN.GOULD@PEPSICO.COM,,,,,,,,,,,,,,,,,,,,,,,,PEPSI
NO,RC121015E68,DOLLAR GENERAL # 13377,514 US  HWY 27,,,,,BRANFORD,FL,32008-2765,,,,02-42237,1,,12/11/2015,PREPAID AND ADD,,UPS,,,LONDON.NIELSON@PEPSICO.COM,RACHELLE.COLAS@PEPSIC.COM,STEPHEN.GOULD@PEPSICO.COM,,,,,,,,,,,,,,,,,,,,,,,,PEPSI
NO,RC121015E69,DOLLAR GENERAL # 9858,6536 OLD WINTER GARDEN RD,,,,,ORLANDO,FL,32835-1206,,,,02-42355,1,,12/11/2015,PREPAID AND ADD,,UPS,,,LONDON.NIELSON@PEPSICO.COM,RACHELLE.COLAS@PEPSIC.COM,STEPHEN.GOULD@PEPSICO.COM,,,,,,,,,,,,,,,,,,,,,,,,PEPSI
NO,RC121015E69,DOLLAR GENERAL # 9858,6536 OLD WINTER GARDEN RD,,,,,ORLANDO,FL,32835-1206,,,,02-42237,1,,12/11/2015,PREPAID AND ADD,,UPS,,,LONDON.NIELSON@PEPSICO.COM,RACHELLE.COLAS@PEPSIC.COM,STEPHEN.GOULD@PEPSICO.COM,,,,,,,,,,,,,,,,,,,,,,,,PEPSI
NO,RC121015E70,DOLLAR GENERAL # 9859,239 CROCKETT BLVD,,,,,MERRITT ISLAND,FL,32953-4384,,,,02-42355,1,,12/11/2015,PREPAID AND ADD,,UPS,,,LONDON.NIELSON@PEPSICO.COM,RACHELLE.COLAS@PEPSIC.COM,STEPHEN.GOULD@PEPSICO.COM,,,,,,,,,,,,,,,,,,,,,,,,PEPSI
NO,RC121015E70,DOLLAR GENERAL # 9859,239 CROCKETT BLVD,,,,,MERRITT ISLAND,FL,32953-4384,,,,02-42237,1,,12/11/2015,PREPAID AND ADD,,UPS,,,LONDON.NIELSON@PEPSICO.COM,RACHELLE.COLAS@PEPSIC.COM,STEPHEN.GOULD@PEPSICO.COM,,,,,,,,,,,,,,,,,,,,,,,,PEPSI
